state_code,latitude,longitude,founded_at,age_first_funding_year,age_last_funding_year,funding_rounds,funding_total_usd,category_code,has_VC,has_angel,has_seriesA,has_seriesB,has_seriesC,has_seriesD,avg_participants,is_top500,status
CA,42.35888,-71.05682,1/1/2007,2.2493,3.0027,3,375000,music,No,Yes,No,No,No,No,1,No,acquired
CA,37.238916,-121.973718,1/1/2000,5.126,9.9973,4,40100000,enterprise,Yes,No,No,Yes,Yes,Yes,4.75,Yes,acquired
CA,32.901049,-117.192656,3/18/2009,1.0329,1.0329,1,-2600000,web,No,No,Yes,No,No,No,4,Yes,acquired
CA,37.320309,-122.05004,1/1/2002,3.1315,5.3151,3,40000000,software,No,No,No,Yes,Yes,Yes,3.3333,Yes,acquired
CA,37.779281,-122.419236,8/1/2010,,1.6685,2,1300000,games_video,Yes,Yes,No,No,No,No,1,Yes,closed
CA,37.406914,-122.09037,1/1/2002,,4.5452,1,7500000,network_hosting,No,No,No,Yes,No,No,3,Yes,closed
CA,37.3915589,-122.0702643,1/1/2005,1.7205,5.211,3,26000000000,software,Yes,No,Yes,Yes,No,No,1.6667,Yes,acquired
CA,38.057107,-122.513742,1/1/2004,1.6466,6.7616,3,34100000,,No,No,Yes,Yes,No,Yes,3.5,Yes,acquired
MA,42.712207,-73.203599,1/1/2002,3.5863,11.1123,3,9650000,,Yes,No,Yes,No,No,Yes,,Yes,acquired
CA,37.427235,-122.145783,6/1/2005,1.6712,4.6849,3,5750000,,Yes,Yes,Yes,No,No,No,,Yes,acquired
CA,37.4429885,-122.1624131,11/15/2000,4.6274,9.4493,3,27500000,mobile,No,No,Yes,Yes,No,No,1,Yes,acquired
CA,37.452992,-122.185098,1/1/2006,1.0849,,5,10400000,web,Yes,Yes,Yes,No,No,No,1.75,Yes,closed
KY,38.241467,-85.724511,1/1/2004,4.9041,4.9041,1,350000,web,Yes,No,No,No,No,No,1,No,closed
NY,40.70276,-73.986668,11/26/2007,0.0192,2.4356,3,9950000,education,No,No,Yes,Yes,Yes,No,2.3333,Yes,acquired
CO,39.7462728,-104.9911572,1/1/2001,4.6658,8.9973,5,10700000,software,No,No,Yes,Yes,No,No,2.5,Yes,acquired
VA,38.901301,-77.265158,1/1/1999,6.6082,,1,200000,public_relations,Yes,No,No,No,No,No,1,No,closed
CA,37.3962827,-122.105531,1/1/2003,2.5863,,5,49000000,security,Yes,No,Yes,Yes,Yes,Yes,3.5,Yes,closed
CA,37.590339,-122.341715,7/1/2000,4.5918,,4,25000000,games_video,No,No,Yes,Yes,Yes,Yes,3.5,Yes,acquired
NY,40.730646,-73.986614,1/1/2010,,,3,4575000,web,No,Yes,Yes,No,No,No,5,Yes,acquired
CA,37.446411,-122.16054,1/1/2007,2.5014,2.8301,2,28000000,enterprise,No,No,Yes,Yes,No,No,1,Yes,closed
TX,30.2350399,-97.8001299,1/1/2001,2.2137,3.7863,2,4355000,software,No,Yes,Yes,No,No,No,1.5,No,acquired
WA,47.6026054,-122.2848651,1/1/2004,3.8329,3.8329,1,15000000,other,No,No,No,Yes,No,No,2,Yes,closed
CA,37.426316,-122.141082,1/1/2002,5.4904,5.4904,1,3170000,web,No,No,Yes,No,No,No,2,No,closed
CA,37.764395,-122.401024,1/1/2008,-1,3.3151,2,2300000,mobile,No,Yes,Yes,No,No,No,,No,closed
CO,40.010492,-105.276843,5/1/2007,0.2521,0.337,2,455000,public_relations,No,Yes,Yes,No,No,No,,Yes,closed
IL,41.875555,-87.624421,1/1/2002,4.8411,4.8411,1,13000000,software,No,No,No,No,Yes,No,,Yes,acquired
CA,37.429676,-122.1085482,1/1/2003,,4.0603,1,15000000,public_relations,No,No,No,No,Yes,No,,Yes,acquired
CA,37.870102,-122.268136,6/1/2008,,4.0685,1,3800000,photo_video,No,No,No,Yes,No,No,2,Yes,acquired
TX,30.2653441,-97.7435857,5/1/2007,,4.5315,5,299500000,web,Yes,No,Yes,No,Yes,No,1.75,Yes,acquired
CA,33.708708,-117.852069,5/24/2005,,1.189,1,1000000,hardware,Yes,No,No,No,No,No,2,Yes,acquired
CA,37.422859,-122.045217,1/1/2007,,2.1644,2,10500000,other,No,No,Yes,Yes,No,No,2,Yes,closed
WA,47.603832,-122.330062,1/1/2001,,5.1671,2,8600000,,Yes,No,No,Yes,No,No,1.5,Yes,acquired
NC,36.002893,-78.904075,10/1/2006,-0.1671,2.0192,2,5000000,,No,No,Yes,Yes,No,No,2.5,Yes,closed
CA,37.779281,-122.419236,1/1/2011,0,0.8685,2,2304999,,Yes,No,No,No,No,No,5,Yes,acquired
PA,40.441694,-79.990086,6/1/2009,0.0822,0.0822,1,250,security,No,Yes,No,No,No,No,1,No,closed
NY,40.73901,-73.997259,7/1/2004,2.6575,2.6575,1,4000000,software,No,No,No,Yes,No,No,1,Yes,closed
CA,37.791137,-122.391843,1/1/2007,0.6192,1.5945,2,14600000,software,No,No,Yes,Yes,No,No,2,Yes,closed
CA,37.404788,-121.940842,1/1/2005,1.063,5.7014,3,44000000,hardware,No,No,No,Yes,Yes,No,4.5,Yes,closed
CA,37.7795014,-122.3948712,10/1/2008,0.1671,2.6493,3,1822922,ecommerce,No,Yes,Yes,No,No,No,2.3333,Yes,acquired
NY,40.755446,-73.980246,3/1/2006,0,5.9041,7,29915001,advertising,Yes,Yes,Yes,Yes,Yes,No,2.75,Yes,acquired
GA,33.756806,-84.392198,5/1/2006,0,4.8027,4,33000000,enterprise,No,No,Yes,Yes,Yes,No,3,Yes,acquired
NH,42.99564,-71.454789,8/1/2011,0,0.5836,2,125000,mobile,No,Yes,No,No,No,No,1,No,acquired
CA,40.0157332,-105.275027,1/1/2008,0.1041,2.3863,2,4000000,travel,Yes,No,Yes,No,No,No,1,Yes,closed
WA,47.63609,-122.327028,5/11/2004,3.4904,3.4904,1,10000000,enterprise,No,No,No,No,Yes,No,2,Yes,acquired
CA,37.4049731,-122.0323525,1/1/2002,4.6658,4.6658,1,6000000,advertising,No,No,No,No,Yes,No,3,Yes,acquired
CA,37.36883,-122.03635,1/1/2003,2.6247,2.6247,1,25000000,software,No,No,No,Yes,No,No,5,Yes,acquired
NY,40.730646,-73.986614,12/1/2009,0.926,2.9534,3,3750000,fashion,No,Yes,Yes,No,No,No,2,Yes,acquired
MA,42.3751,-71.105616,10/17/2009,0.2466,0.2466,1,3000000,software,No,No,Yes,No,No,No,1,Yes,acquired
CA,37.779281,-122.419236,5/24/2010,,1.189,2,1155000,software,No,Yes,No,No,No,No,9.5,Yes,acquired
CA,37.560781,-122.284114,10/1/2002,3.2082,3.2082,1,10000000,,No,No,No,No,No,Yes,2,Yes,acquired
CA,37.658313,-122.391032,1/1/2006,,2.5836,1,3000000,,No,No,Yes,No,No,No,,Yes,acquired
MA,42.360253,-71.058291,1/1/2009,1.8932,2.4466,2,11500000,mobile,No,No,No,No,No,No,,Yes,acquired
TX,30.321464,-97.75501,11/1/2004,0.7479,0.7479,1,5000000,web,No,No,Yes,No,No,No,,Yes,acquired
MA,42.37564,-71.2358,1/1/2000,5.1863,6.8137,2,29000000,,Yes,No,No,No,No,Yes,5,Yes,acquired
CA,37.7870842,-122.4038047,5/1/2006,0.6712,6.2329,6,34700000,,Yes,Yes,Yes,Yes,Yes,Yes,5,Yes,acquired
CA,37.441537,-122.158332,1/1/2004,1.1863,3.4986,2,12050000,,Yes,No,Yes,No,No,No,2,Yes,closed
CA,37.445586,-122.161929,1/1/2006,2.1644,4.7616,3,12000000,analytics,Yes,No,Yes,Yes,No,No,2,Yes,acquired
CA,33.5842816,-117.7306817,2/1/2005,4.1041,4.1041,1,5500000,consulting,No,No,No,No,Yes,No,2,Yes,acquired
CA,37.402773,-122.052551,7/1/2007,,4.1534,3,24000000,software,No,No,Yes,Yes,No,No,3.3333,Yes,acquired
MO,39.103151,-94.581908,7/1/2000,,6.189,2,10000000,mobile,No,No,Yes,Yes,No,No,4.5,Yes,acquired
MA,42.546483,-71.173667,12/1/1999,,10.9507,3,19009671,biotech,No,No,No,Yes,No,No,2,Yes,closed
CA,37.805289,-122.404448,1/1/2005,3.4986,,1,5000000,cleantech,No,No,Yes,No,No,No,1,Yes,closed
WA,47.675489,-122.191667,1/1/2001,4.0466,9.3041,5,18914576,enterprise,Yes,No,No,No,Yes,No,,Yes,acquired
FL,27.951849,-82.456397,1/1/2001,6.3726,6.3726,1,4000000,software,Yes,No,No,No,No,No,,No,closed
MA,42.360253,-71.058291,12/1/2008,1.326,2.7836,3,2030882,software,No,No,Yes,No,No,No,,Yes,acquired
CA,37.7831775,-122.3086191,1/1/2006,2.6438,2.6438,1,5000000,cleantech,No,No,No,Yes,No,No,1,Yes,acquired
WA,47.765758,-122.184304,12/1/1999,1.0877,1.0877,1,20500000,software,Yes,No,No,No,No,No,4,Yes,closed
CO,40.730646,-73.986614,2/2/2006,3.9616,6.5205,2,13250000,advertising,Yes,No,No,No,No,No,2,No,acquired
CA,37.54763,-122.307887,1/1/2000,7.2548,7.2548,1,12000000,security,No,No,No,No,No,No,2,Yes,acquired
CA,37.790485,-122.40094,9/1/2005,1.3342,3.0247,3,11489687,advertising,No,Yes,Yes,Yes,No,No,3.3333,Yes,acquired
CA,37.7870923,-122.3999719,1/1/2008,0.6795,0.6795,1,4000000,web,No,No,Yes,No,No,No,3,Yes,acquired
CA,37.3492097,-122.0326019,6/12/2012,-0.0301,-0.0301,1,355000,software,No,Yes,No,No,No,No,1,No,acquired
FL,28.098905,-82.400087,1/1/2006,0,0.2466,2,118000,web,No,Yes,No,No,No,No,1.5,Yes,acquired
CA,37.779026,-122.40184,1/1/2003,1.6685,,4,40400000,,No,No,Yes,Yes,Yes,Yes,1.6667,Yes,acquired
TX,32.9583632,-96.8215658,1/1/2007,,1.8055,1,3000000,,No,No,Yes,No,No,No,1,Yes,closed
CA,37.54827,-121.988572,1/1/2003,2.6986,4.0027,2,19700000,,Yes,No,No,Yes,No,No,4,Yes,closed
CA,37.354469,-121.990433,1/1/1998,9.1671,9.1973,2,17800000,software,Yes,No,No,No,No,No,1,Yes,closed
CA,37.779281,-122.419236,3/1/2010,0.011,2.0986,3,57500000,photo_video,No,Yes,Yes,Yes,No,No,4,Yes,acquired
NY,40.606061,-73.822331,1/1/2006,0.6658,3.0384,3,17200000,games_video,No,No,Yes,Yes,Yes,No,2.6667,Yes,acquired
MA,42.3751,-71.105616,8/1/2008,-0.5836,1.3425,7,457282,mobile,Yes,Yes,No,No,No,No,1,Yes,closed
CA,37.779281,-122.419236,9/9/2010,-0.0219,2.0329,4,18500000,mobile,No,Yes,Yes,Yes,No,No,2.25,Yes,acquired
NJ,40.349274,-74.659296,1/1/2008,2.0466,2.0466,1,12000000,cleantech,No,No,Yes,No,No,No,6,Yes,closed
CO,40.397761,-105.07498,1/1/2007,3.5123,3.9562,2,510000000,cleantech,Yes,No,No,No,No,No,2.5,Yes,closed
CA,37.420428,-122.090769,1/1/2002,3.9342,4.6822,2,18250000,search,No,No,Yes,Yes,No,No,2.5,Yes,acquired
NY,40.725435,-73.997395,9/1/2004,2.1616,5.6384,4,41500019,music,No,No,No,No,Yes,No,4,Yes,acquired
WV,39.388156,-77.885552,1/1/2000,5.4411,5.4411,1,1000000,software,No,No,Yes,No,No,No,3,No,closed
CA,34.043948,-118.468204,4/1/2006,1.1288,1.1288,1,5000000,web,No,No,Yes,No,No,No,1,Yes,acquired
MI,42.350749,-83.444589,1/1/2001,7.8877,10.6658,3,42700000,cleantech,Yes,No,No,Yes,No,No,3.6667,Yes,closed
CA,37.388869,-122.072353,1/1/2013,0.8822,0.8822,1,12000000,ecommerce,Yes,No,No,No,No,No,9,Yes,closed
WA,47.614018,-122.19655,1/1/2003,2.526,3.1041,2,22300000,software,No,No,No,Yes,Yes,No,4.5,Yes,acquired
CA,37.406217,-121.976473,1/1/2002,4.0027,7.8712,2,10000000,semiconductor,Yes,No,No,Yes,No,No,4,Yes,acquired
DC,37.09024,-95.712891,5/1/2005,1.1671,4.6658,3,15564591,advertising,Yes,No,No,Yes,Yes,No,3.5,Yes,closed
CA,37.779281,-122.419236,1/1/2007,2.5726,2.5726,1,500000,web,No,Yes,No,No,No,No,5,Yes,acquired
CA,37.779281,-122.419236,12/21/2010,0.1151,1.3397,2,8950000,analytics,No,No,Yes,No,No,No,7,Yes,acquired
NY,40.753881,-73.978852,1/1/2006,1.7479,4.8192,4,55350000,finance,No,No,Yes,Yes,Yes,Yes,4,Yes,acquired
CA,37.406914,-122.09037,1/1/2002,3.7233,3.7233,1,4000000,public_relations,No,No,No,Yes,No,No,3,Yes,closed
IL,41.878984,-87.637,1/1/2006,,6.5151,5,10764323,software,Yes,No,Yes,No,No,No,2,Yes,acquired
NJ,40.535316,-74.521435,1/1/2007,,1.4082,1,5500000,software,Yes,No,No,No,No,No,3,Yes,closed
CA,37.779281,-122.419236,1/1/2008,,4.2849,1,400000,social,No,Yes,No,No,No,No,3,Yes,acquired
CA,37.863464,-122.3153453,1/1/2007,,,3,54000000,cleantech,Yes,No,No,No,Yes,No,2.6667,Yes,closed
GA,34.070958,-84.274733,1/1/1985,20.8055,20.8055,1,32000000,,No,No,No,Yes,No,No,7,Yes,closed
WA,39.78373,-100.445882,1/1/2000,5.789,,1,13000000,,No,No,No,No,No,Yes,4,Yes,acquired
WA,47.614422,-122.192337,1/1/2005,0.0849,1.2712,3,12500000,,Yes,No,Yes,Yes,No,No,2.3333,Yes,acquired
CA,37.314002,-121.932365,1/1/2004,2.3507,8.2822,4,38064570,,Yes,No,No,Yes,Yes,Yes,3,Yes,acquired
CA,37.748676,-122.415813,7/1/2007,-0.4959,1.2548,2,6000000,web,No,Yes,Yes,No,No,No,4,Yes,acquired
VA,38.030823,-78.48158,6/1/2006,2.4658,4.8329,2,5000000,web,No,No,Yes,Yes,No,No,,No,closed
VA,39.035298,-77.430125,1/1/2000,0,7.1068,3,59000000,software,Yes,No,No,No,Yes,No,,Yes,acquired
IL,39.78373,-100.445882,8/1/2011,1.0356,1.0356,1,1000000,web,No,Yes,No,No,No,No,1,No,closed
CA,37.758062,-122.418642,1/1/2007,2.7233,2.7233,1,600000,web,No,Yes,No,No,No,No,7,Yes,acquired
CT,41.853615,-72.70375,1/1/2006,2.8356,3.1397,2,125000000,mobile,No,No,Yes,Yes,No,No,2,Yes,closed
CA,34.01052,-118.495981,1/15/2007,0.7945,2.9014,2,2750000,web,No,Yes,Yes,No,No,No,4,Yes,acquired
CA,37.3821368,-121.970505,1/1/2003,2.9178,4.7342,2,30000000,network_hosting,No,No,Yes,Yes,No,No,2.5,Yes,acquired
CA,37.433646,-121.886704,1/1/2003,4.0137,4.0137,1,7000000,semiconductor,No,No,No,No,Yes,No,1,No,closed
CA,37.45604,-122.165399,1/1/2006,0.411,0.411,1,6100000,search,No,No,No,Yes,No,No,4,Yes,acquired
CA,32.721834,-117.161797,10/1/2010,,1.9205,3,2100000,enterprise,Yes,Yes,No,No,No,No,4,Yes,closed
CA,37.779281,-122.419236,9/9/2009,0.1452,0.5014,2,2565000,mobile,No,Yes,Yes,No,No,No,3.5,Yes,acquired
CA,37.584103,-122.366082,1/1/1997,10.7589,,1,2000000,biotech,No,No,No,No,No,No,1,No,closed
NC,35.76524,-78.731161,1/1/2003,2.5671,5.6904,3,22400000,network_hosting,Yes,No,No,Yes,Yes,No,3.6667,Yes,acquired
NY,40.740441,-73.993376,6/1/2005,1.0822,1.0822,1,6250000,ecommerce,No,No,Yes,No,No,No,1,No,acquired
NY,40.750519,-73.993494,2/1/2010,1.7479,1.7479,1,575000,web,No,Yes,No,No,No,No,6,No,acquired
MA,42.387597,-71.099497,8/1/2009,0,0.5808,2,53000,web,No,Yes,No,No,No,No,1,Yes,closed
CA,37.522281,-122.258139,1/1/2006,0.9151,2.7753,2,9500000,ecommerce,No,No,Yes,Yes,No,No,2.5,Yes,acquired
TX,40.694599,-73.990638,10/1/2009,-0.7479,0.8192,2,3500000,enterprise,No,Yes,Yes,No,No,No,1,Yes,closed
NY,40.729839,-73.991781,10/1/2009,0.7726,1.4959,3,10500000,photo_video,Yes,No,Yes,No,No,No,6.3333,Yes,acquired
CA,37.54827,-121.988572,1/1/2008,0.7562,4.4137,4,34250000,cleantech,Yes,No,Yes,Yes,Yes,No,2.25,Yes,acquired
MA,42.37564,-71.2358,1/1/2006,0.6795,4.5507,5,85381111,biotech,No,No,Yes,Yes,Yes,No,4.6667,Yes,acquired
MD,39.436844,-76.618704,1/1/2000,6.1671,7.9205,3,100000000,web,Yes,No,Yes,No,No,No,2.5,Yes,acquired
PA,40.441694,-79.990086,1/4/2009,-1.011,1.4877,2,125000,advertising,Yes,Yes,No,No,No,No,1,Yes,closed
VA,38.958402,-77.357974,1/1/2003,,4.2356,2,10600000,mobile,Yes,No,No,Yes,No,No,3,Yes,closed
CA,37.554214,-121.977451,1/1/2004,2.4192,5.4384,,26100000,semiconductor,Yes,No,No,Yes,No,No,3.5,Yes,acquired
NY,40.762674,-73.9821315,1/1/2000,7.5315,7.5315,,30000000,web,Yes,No,No,No,No,No,5,Yes,acquired
IL,41.875555,-87.624421,9/24/2010,1.0575,1.7699,,132885,games_video,No,Yes,No,No,No,No,1,Yes,closed
CA,37.55911,-122.303493,10/1/2006,0.6,4.2247,3,9500000,software,No,No,Yes,Yes,Yes,No,2,Yes,acquired
CA,37.440682,-122.123103,1/1/2000,6.1233,6.1233,1,18000000,network_hosting,Yes,No,No,No,No,No,7,Yes,acquired
OH,39.099909,-84.504243,2/1/2010,1.8329,1.8329,1,690000,web,No,Yes,No,No,No,No,3,Yes,closed
GA,33.749099,-84.390185,1/1/2001,5.1644,6.0055,3,25131611,mobile,Yes,No,No,Yes,No,No,1,Yes,acquired
CA,37.404788,-121.940842,1/1/2007,3.5288,3.5288,1,2000000,hardware,No,No,No,No,No,No,1,Yes,closed
MA,42.3634664,-71.0786638,1/1/2004,1.5836,6.6466,3,78750000,biotech,No,No,Yes,Yes,No,No,3.5,Yes,acquired
CA,37.551441,-122.291435,11/1/2006,0.2521,,5,48500000,advertising,Yes,Yes,Yes,Yes,Yes,No,2.5,Yes,acquired
CA,37.7795182,-122.3902619,1/1/2005,0.5726,0.5726,1,15000000,,No,No,Yes,No,No,No,3,No,closed
CA,37.3166526,-122.05074,1/1/2007,0.9397,5.3178,5,74000000,analytics,Yes,No,No,Yes,Yes,No,5.3333,Yes,acquired
CA,37.783171,-122.392901,1/1/2005,0.7479,2.3315,2,15000000,software,No,No,Yes,Yes,No,No,3,Yes,acquired
NY,37.09024,-95.712891,1/1/2004,2.0027,3.9178,3,45000000,games_video,No,No,Yes,No,No,No,1,No,closed
CA,37.400367,-121.985711,6/1/2006,1.9178,1.9178,1,4410000,mobile,No,No,Yes,No,No,No,1,Yes,acquired
VA,39.001619,-77.403201,1/1/2010,0,0.8959,2,4500000,web,No,No,Yes,Yes,No,No,2,Yes,acquired
CA,37.788653,-122.401333,1/1/2007,1.6712,3.7863,3,11040000,software,No,No,Yes,Yes,Yes,No,2.5,Yes,acquired
CA,37.779281,-122.419236,1/1/2009,1.8822,1.8822,1,1600000,games_video,No,No,Yes,No,No,No,3,Yes,acquired
NY,40.73901,-73.997259,1/1/2002,3.4164,3.874,2,9000000,software,Yes,No,No,Yes,No,No,4,Yes,acquired
CA,37.5484187,-122.3151646,4/1/2010,,2.6493,3,3282327,analytics,Yes,No,No,No,No,No,2,Yes,acquired
CA,37.55818,-122.276454,1/1/2002,,4.1644,2,24700000,web,No,No,Yes,Yes,No,No,4,Yes,acquired
GA,33.774486,-84.385448,1/1/2002,5.6986,6.8877,2,8800000,semiconductor,Yes,No,Yes,No,No,No,1,Yes,closed
CA,34.0342337,-118.4536137,9/1/2007,1.1836,,1,1700000,web,No,No,Yes,No,No,No,,No,closed
CA,37.835676,-122.263548,6/1/2010,0.2493,,1,20000,web,No,Yes,No,No,No,No,,No,closed
CA,37.5541073,-121.9756765,1/1/2005,3.1041,,2,11500000,mobile,No,No,Yes,Yes,No,No,,Yes,acquired
CA,38.279431,-122.668452,1/1/2001,2.3068,9.4247,7,98170000,mobile,Yes,No,No,Yes,Yes,Yes,,Yes,closed
CA,37.7824533,-122.3879489,1/1/2010,1.2219,1.2219,1,1350000,web,No,Yes,No,No,No,No,,Yes,acquired
IL,41.8851542,-87.6223183,11/1/2005,4.7068,4.7068,1,940261,software,No,No,Yes,No,No,No,1,Yes,acquired
MA,42.360253,-71.058291,6/4/2007,1.6658,3.6712,2,4000000,web,No,Yes,Yes,No,No,No,3,Yes,acquired
CA,37.36883,-122.03635,1/1/2008,1.9562,1.9562,1,5000000,web,No,No,Yes,No,No,No,1,No,closed
VA,38.881717,-77.089398,4/17/2009,0.0027,0.0027,1,20000,web,No,Yes,No,No,No,No,1,No,closed
WA,47.60732,-122.335746,1/1/2002,4.0301,4.0301,1,12500000,network_hosting,No,No,No,Yes,No,No,3,Yes,acquired
CO,39.568064,-104.977831,1/1/2009,1.3397,4.6548,5,7228704,finance,Yes,No,Yes,No,No,No,2,Yes,closed
IL,41.940611,-87.835972,1/1/2006,4.3836,5.9562,2,55000000,biotech,Yes,No,No,Yes,No,No,4,Yes,closed
CA,37.560155,-122.285588,1/1/2004,2.063,6.6137,4,15180000,enterprise,Yes,No,Yes,No,Yes,No,1,Yes,acquired
CA,37.404788,-121.940842,1/1/2008,2.3479,3.4301,2,30000000,software,No,No,Yes,Yes,No,No,2.5,Yes,closed
TX,30.268236,-97.740651,1/1/2006,2.5233,2.6685,2,14500000,network_hosting,No,No,Yes,Yes,No,No,1.5,Yes,acquired
CA,37.758229,-122.439512,1/1/2009,2.0685,2.0685,1,6500000,advertising,Yes,No,No,No,No,No,,Yes,acquired
TN,35.149022,-90.051628,1/29/2012,0,0,1,15000,web,No,Yes,No,No,No,No,,No,closed
NY,40.730646,-73.986614,7/1/2009,0.7288,3.6055,5,4705910,mobile,Yes,Yes,No,No,No,No,,Yes,acquired
CA,37.5783263,-122.3485679,1/1/2008,2.8055,2.8055,1,3000000,games_video,Yes,No,No,No,No,No,1,Yes,acquired
NY,40.743808,-73.983626,2/1/2007,0.7452,4.9178,6,125250000,web,Yes,No,Yes,Yes,Yes,Yes,3.5,Yes,acquired
NY,40.730646,-73.986614,1/1/2008,0.3315,4.0027,4,1449998,social,Yes,Yes,No,No,No,No,1,Yes,closed
MA,42.3751,-71.105616,2/1/2011,0.6959,1.189,2,6000000,mobile,No,Yes,Yes,No,No,No,6,Yes,acquired
MN,45.006515,-93.46651,1/1/2005,,6.2301,3,28200000,medical,Yes,No,No,Yes,Yes,No,3,Yes,acquired
CA,37.777741,-122.412198,8/1/2005,,4.8795,2,14000000,software,Yes,No,Yes,No,No,No,2,Yes,acquired
TX,30.35504,-97.801083,7/1/2007,1.5808,1.5808,1,3000000,enterprise,No,No,Yes,No,No,No,1,No,closed
WA,39.78373,-100.445882,1/1/2010,1.5151,1.7644,2,2238055,enterprise,Yes,Yes,No,No,No,No,1,Yes,closed
CA,37.779281,-122.419236,9/1/2010,0.7123,2.2849,2,5200000,photo_video,Yes,No,Yes,No,No,No,1,Yes,closed
PA,40.0708709,-75.302716,1/1/2010,3.6329,3.6329,1,75000000,ecommerce,Yes,No,No,No,No,No,1,No,acquired
MA,42.296111,-71.238524,9/1/2006,0.411,3.9699,4,24500000,software,No,No,Yes,Yes,Yes,No,2.5,Yes,closed
CA,33.63776,-117.855989,1/1/2002,4.9068,8.1014,3,4476171,advertising,Yes,No,Yes,No,No,No,2,Yes,closed
TX,30.2729209,-97.7443863,8/28/2007,0.5014,2.4219,3,10400001,web,No,No,Yes,Yes,No,No,6,Yes,acquired
CO,40.138979,-105.124465,1/1/2002,,7.1342,3,68400000,network_hosting,Yes,No,No,No,Yes,Yes,6.5,Yes,acquired
CA,37.512318,-122.200914,1/1/2004,,4.6329,2,15200000,software,No,No,Yes,Yes,No,No,2,Yes,acquired
NY,40.728425,-73.999882,1/1/2011,,1.5863,2,890000,,No,Yes,No,No,No,No,3,Yes,closed
CA,37.779281,-122.419236,1/1/2001,10.5315,10.5315,1,2600000,mobile,Yes,No,No,No,No,No,1,Yes,closed
IL,41.800255,-88.149362,1/1/2009,3.8685,3.8685,1,1226270,enterprise,No,Yes,No,No,No,No,1,Yes,acquired
CA,34.147047,-118.148896,1/1/2002,6.737,8.2877,2,9000000,web,No,No,Yes,Yes,No,No,1,No,acquired
CA,37.317847,-121.948469,1/1/2004,4.6521,8.1288,4,7210210,enterprise,Yes,No,Yes,Yes,No,No,1,No,acquired
CA,37.779281,-122.419236,1/1/2011,0.7397,,2,15700000000,automotive,No,No,Yes,No,No,No,,Yes,acquired
MA,42.37564,-71.2358,1/1/2000,5.6849,,2,15050000,software,Yes,No,No,No,Yes,No,,Yes,acquired
CA,37.8093381,-122.4166061,8/1/2006,0.7479,2.7507,2,3500000,games_video,No,No,Yes,Yes,No,No,,Yes,acquired
CA,37.4384108,-121.9240273,1/1/2000,6.4767,7.3507,2,43000000,software,No,No,No,No,Yes,Yes,1,Yes,closed
CA,37.775196,-122.419204,1/1/2005,1.1616,3.0384,2,57000000,web,No,No,Yes,Yes,No,No,3.5,Yes,acquired
CA,37.788115,-122.397141,9/1/2007,0.8932,0.8932,1,1300000,web,No,Yes,No,No,No,No,4,Yes,acquired
CA,32.902266,-117.20834,1/1/2004,1.4986,4.4247,4,69750000,games_video,No,No,Yes,Yes,Yes,Yes,5,Yes,acquired
MA,42.341899,-71.065924,1/1/2001,3,5.0027,2,14500000,advertising,No,Yes,No,Yes,No,No,2,Yes,acquired
CA,37.40006,-122.049689,1/1/2002,4.0849,5.5836,2,48000000,hardware,No,No,No,No,Yes,Yes,6,Yes,closed
PA,40.418851,-79.904163,6/1/2006,3.5041,5.4438,2,3508462,medical,Yes,No,Yes,No,No,No,3,Yes,closed
CA,37.778613,-122.395289,1/1/2002,3.4301,5.5589,3,19500000,software,No,No,Yes,Yes,No,No,3.3333,Yes,acquired
CA,34.019657,-118.487549,1/1/2012,0.4685,0.4685,1,3750000,mobile,No,No,No,No,No,No,,Yes,acquired
IL,41.817807,-88.173402,8/1/2010,0,0,1,45000000,web,No,No,No,No,No,No,,No,closed
NC,35.79181,-78.74123,4/1/2005,0.8164,5.5616,4,32500000,enterprise,No,No,Yes,Yes,Yes,Yes,2.75,Yes,closed
PA,40.063476,-75.457492,3/1/2000,1.8384,8.3397,2,4900000,enterprise,No,Yes,No,Yes,No,No,1.5,Yes,acquired
CA,37.382376,-122.037607,1/1/2005,2.2986,3.211,2,12000000,advertising,No,No,No,Yes,Yes,No,2,Yes,closed
CA,37.766909,-122.406676,1/20/2006,0.0329,2.2055,3,7175000,web,No,Yes,Yes,Yes,No,No,2.6667,Yes,acquired
CA,37.793148,-122.402567,12/1/2005,1.1699,1.4986,2,4700000,web,No,Yes,Yes,No,No,No,1.5,Yes,closed
CA,26.0524615,-80.1378809,1/1/2008,0,0,1,120000,public_relations,No,Yes,No,No,No,No,2,No,closed
CA,37.393679,-122.079017,5/2/2002,5.1041,8.6411,3,10000000,advertising,Yes,No,No,Yes,No,No,1.6667,No,acquired
TX,30.435079,-97.770139,7/1/2000,4.9562,10.3151,4,39000000,,Yes,No,Yes,No,No,No,3,No,closed
MA,42.345927,-71.552287,1/1/2003,2.2411,4.0301,2,16100000,,No,No,No,Yes,Yes,No,2.5,Yes,acquired
CA,37.795191,-122.430411,1/1/2006,1.2466,2.0849,2,3300000,,No,Yes,Yes,No,No,No,2,Yes,acquired
CA,37.779281,-122.419236,2/1/2009,1.5616,1.5616,1,750000,analytics,No,Yes,No,No,No,No,9,Yes,acquired
GA,33.776834,-84.3895875,6/1/2006,2.4493,2.4493,2,1000000,software,Yes,Yes,No,No,No,No,2,No,closed
NY,40.730646,-73.986614,1/1/1996,11.3342,11.3342,1,7410000,biotech,Yes,No,No,No,No,No,3,Yes,closed
CA,37.404788,-121.940842,1/1/2000,6.8932,10.4082,3,52800000,semiconductor,Yes,No,No,No,Yes,No,5.3333,Yes,acquired
CA,33.97279,-118.427578,1/1/2001,4.6685,9.1178,3,37000000,software,No,No,Yes,Yes,Yes,No,1.3333,Yes,closed
CA,37.7983181,-122.4000032,12/1/2007,1.137,3.737,3,14229998,web,No,No,Yes,Yes,No,No,3,Yes,acquired
CA,37.320309,-122.05004,1/1/2009,0.7205,2.4356,2,3000000,messaging,No,No,Yes,Yes,No,No,2.5,Yes,acquired
NY,40.730646,-73.986614,1/1/2005,4.0384,4.0384,1,20000000,advertising,No,No,Yes,No,No,No,1,No,acquired
RI,51.43247,-2.664213,11/1/2008,0.7479,2.0959,2,2000000,advertising,No,Yes,No,No,No,No,1.5,Yes,acquired
DC,38.897976,-77.028561,1/1/2003,3.8192,6.0932,2,19900000,software,Yes,No,No,Yes,No,No,2,Yes,acquired
CA,37.781689,-122.391061,9/1/2006,1.2493,1.2493,1,1500000,ecommerce,No,No,No,No,No,No,1,No,closed
CA,37.779281,-122.419236,7/1/2009,0,0,1,325000,cleantech,No,Yes,No,No,No,No,4,No,closed
CA,37.787249,-122.3990501,9/1/2010,0.463,0.463,1,3500000,enterprise,No,No,Yes,No,No,No,5,Yes,closed
WA,47.602873,-122.336132,1/1/2004,2.0027,4.3863,4,30000000,network_hosting,No,Yes,Yes,Yes,No,No,2,Yes,closed
CA,39.78373,-100.445882,1/1/2003,4.2384,4.2384,1,50000000,biotech,No,No,No,No,No,Yes,6,Yes,acquired
NY,40.745003,-73.983229,1/1/2008,,1.4712,1,2000000,ecommerce,No,No,Yes,No,No,No,3,Yes,acquired
CA,37.52845,-122.263721,5/1/2005,,5.8356,6,72000000,advertising,Yes,No,Yes,Yes,Yes,Yes,2.3333,Yes,acquired
CA,34.045919,-118.16525,1/1/2004,1.6849,5.8493,3,27690547,cleantech,No,No,No,Yes,Yes,Yes,4.5,Yes,acquired
TX,33.068275,-96.711101,3/1/2004,2.189,2.189,1,9000000,semiconductor,No,No,No,Yes,No,No,4,Yes,closed
CA,37.287285,-121.942932,6/1/2008,0.4192,1.4658,2,7500000,enterprise,No,No,Yes,No,No,No,3.5,Yes,acquired
TX,30.271393,-97.748623,1/1/2007,0.6932,,2,10000000,,No,No,Yes,No,No,No,2,Yes,acquired
CA,34.142973,-118.140553,1/1/2006,1.4411,,4,5965000,software,Yes,No,Yes,No,No,No,1,No,acquired
CA,37.465645,-121.932202,4/1/2006,-0.2466,-0.2466,1,4000000,mobile,No,No,Yes,No,No,No,1,No,acquired
MI,42.548008,-83.214753,1/1/2003,5.1397,5.1397,1,5000000,advertising,Yes,No,No,No,No,No,1,No,closed
CA,37.32052,-121.948399,1/1/2004,1.0877,1.0877,1,11500000,advertising,No,No,Yes,No,No,No,2,Yes,acquired
IL,41.875555,-87.624421,1/1/2009,1.0356,2.1479,2,1050000,web,Yes,No,No,No,No,No,1,No,closed
NY,40.7566658,-73.9827553,1/1/2007,1.1644,1.3507,2,5500000,web,No,No,Yes,No,No,No,2,Yes,acquired
PA,39.951311,-75.169522,2/1/2007,0.8301,2.8329,3,5000000,advertising,No,Yes,Yes,No,No,No,1.6667,Yes,acquired
CA,37.406914,-122.09037,1/1/2011,-1.0521,0.6247,2,3700000,enterprise,Yes,No,No,No,No,No,3,No,closed
CA,36.9397206,-121.7768449,1/1/2006,,3.0082,2,7000000,software,No,No,Yes,No,No,No,2,No,closed
MA,42.375219,-71.056101,1/1/2005,,2.1616,2,32000000,network_hosting,No,No,Yes,Yes,No,No,3.5,Yes,closed
MA,42.358822,-71.104329,1/1/2007,0.7123,4.2301,3,7900000,advertising,No,No,Yes,No,No,No,2,No,acquired
CA,37.392443,-122.072517,4/1/2006,0.6685,6.2795,5,80000000,network_hosting,No,Yes,Yes,Yes,Yes,Yes,2.25,Yes,acquired
TX,30.280148,-97.749908,1/1/2005,4.8247,4.8247,1,5000000,mobile,Yes,No,No,No,No,No,1,Yes,closed
WA,47.638456,-122.356965,1/1/2006,1,3.1863,2,2100000,security,No,Yes,Yes,No,No,No,1.5,Yes,acquired
MD,39.116333,-77.181307,12/1/2004,0.2055,4.3973,4,22250000,enterprise,No,No,Yes,Yes,Yes,Yes,2.5,Yes,acquired
OR,45.520247,-122.674195,3/1/2011,0.5397,1.5014,2,1975000,enterprise,Yes,Yes,No,No,No,No,3,No,acquired
NY,40.723652,-73.985281,1/1/2008,0,0,1,1000000,web,No,Yes,No,No,No,No,1,Yes,acquired
PA,40.602206,-75.471279,1/1/2008,2.3452,2.3452,1,35000000,cleantech,No,No,No,No,Yes,No,1,No,closed
NY,37.480999,-122.173887,9/1/2005,0.0822,4.326,7,88651133,mobile,Yes,Yes,Yes,Yes,Yes,Yes,3.1667,Yes,acquired
MA,42.5656454,-71.3222696,1/1/2000,5.5945,5.5945,1,26000000,semiconductor,Yes,No,No,No,No,No,2,Yes,acquired
CA,34.054935,-118.244476,5/1/2010,0.6712,0.6712,1,100000,games_video,No,Yes,No,No,No,No,1,No,closed
CO,39.750152,-104.996438,6/1/2005,1,1,1,5000000,mobile,No,No,Yes,No,No,No,1,Yes,acquired
GA,34.062588,-84.16923,1/1/2000,6.8356,8.3096,2,7300000,biotech,Yes,No,Yes,No,No,No,3,Yes,closed
CA,37.406914,-122.09037,1/1/2003,2.0027,,3,64080000,biotech,No,No,Yes,Yes,Yes,No,4,Yes,acquired
RI,51.43247,-2.664213,7/1/2010,1.3425,,2,5800000,enterprise,No,Yes,Yes,No,No,No,4,Yes,acquired
CA,37.791388,-122.392148,1/1/2004,4.0027,5.7534,4,89500000,finance,No,No,No,Yes,Yes,No,1,Yes,closed
CA,37.788482,-122.409173,12/1/2006,0.5808,5.2521,4,23350000,games_video,No,Yes,Yes,Yes,No,No,3,Yes,acquired
MA,42.393662,-71.255855,10/1/2002,3.6877,5.9644,2,13500000,software,Yes,No,No,No,Yes,No,2.5,Yes,acquired
MA,42.496515,-71.480233,1/1/2000,7.3534,8.126,2,24500000,security,No,No,No,No,No,No,5.5,Yes,acquired
CA,37.534538,-122.252466,1/1/2002,3.6027,3.6027,1,10000000,public_relations,No,No,No,No,Yes,No,4,Yes,closed
UT,40.767013,-111.890431,1/1/2007,-1.9863,-1.9863,1,8500000,other,Yes,No,No,No,No,No,1,No,closed
TX,30.161661,-95.471256,1/1/1992,16.4192,16.4192,1,6000000,cleantech,No,No,No,Yes,No,No,3,No,closed
CA,37.424298,-122.139809,7/1/2008,1.337,1.337,1,2000000,software,No,No,Yes,No,No,No,2,Yes,acquired
TX,30.280148,-97.749908,6/1/2010,1.1123,1.937,2,4100000,enterprise,No,No,Yes,No,No,No,1.5,Yes,acquired
CA,37.40047,-122.072981,8/19/2004,0.3699,0.3699,1,6200000,search,No,No,Yes,No,No,No,2,Yes,acquired
CA,37.767575,-122.411157,1/1/2003,4.0877,,2,12250000,advertising,No,No,No,Yes,Yes,No,2.5,Yes,acquired
CA,37.779281,-122.419236,4/14/2003,3.3945,,2,11725600,mobile,No,No,Yes,Yes,No,No,2,Yes,acquired
MA,42.504817,-71.195611,1/1/2001,4.3151,5.8301,2,16000000,software,No,No,Yes,Yes,No,No,3,Yes,closed
WA,47.603832,-122.330062,8/11/2006,2.4767,4.3836,3,5056559,mobile,Yes,No,Yes,No,No,No,1.6667,Yes,acquired
CA,37.780883,-122.395257,1/1/2005,,0.4137,1,100000,,No,Yes,No,No,No,No,1,Yes,acquired
CA,37.779281,-122.419236,9/1/2001,,6.9671,3,68200000000,,Yes,Yes,No,No,No,No,4,Yes,acquired
CA,37.789429,-122.276524,1/1/2001,4.0877,9.3068,3,33000000,enterprise,Yes,No,No,Yes,No,Yes,3.6667,Yes,acquired
NC,35.986906,-78.896718,1/1/2009,1.7863,3.3014,3,3352194,analytics,No,Yes,Yes,No,No,No,9.5,No,closed
NY,40.750519,-73.993494,3/1/2010,1.4082,1.9068,2,2212000,analytics,No,Yes,Yes,No,No,No,3,Yes,acquired
CA,37.484347,-122.225803,1/1/2004,5.9014,7.2904,4,19800000,biotech,Yes,No,No,No,No,Yes,5,Yes,acquired
CA,37.566009,-122.321646,2/1/2010,0.8301,1.0986,2,4500000,web,No,Yes,Yes,No,No,No,3,Yes,closed
MA,42.2960173,-71.2128734,1/1/2004,4.0027,4.0055,2,14000000,software,Yes,No,No,Yes,No,No,1.5,Yes,acquired
FL,26.106273,-80.41894,11/11/2011,0.0548,0.0548,1,100000,social,No,Yes,No,No,No,No,1,No,closed
CA,37.4027811,-122.1441615,1/1/2004,2.3562,3.4274,2,9900000,software,No,No,Yes,Yes,No,No,2,Yes,acquired
CA,37.779281,-122.419236,1/1/2008,0,5.063,3,7600000,advertising,No,No,Yes,Yes,No,No,5,Yes,acquired
CA,34.430786,-119.715074,7/1/2008,0,0,1,50000,games_video,No,Yes,No,No,No,No,2,No,closed
CA,37.448944,-122.161415,2/1/2007,-0.0849,-0.0849,1,650000,public_relations,No,Yes,No,No,No,No,1,No,closed
CA,34.005914,-118.488129,1/1/2008,,2.7288,3,10500000,mobile,Yes,No,Yes,Yes,No,No,2,Yes,closed
CA,34.019657,-118.487549,1/1/2012,,0.4712,1,500000,web,No,Yes,No,No,No,No,1,No,acquired
CA,37.390501,-122.081151,1/1/2003,1.9342,4.0438,2,24300000,web,No,No,No,Yes,Yes,No,2.5,Yes,acquired
CA,37.386778,-121.966277,1/1/1999,7.4904,7.874,2,18000000,hardware,Yes,No,No,Yes,No,No,4,Yes,closed
CA,37.779507,-122.39071,5/1/2007,0.6548,3.5452,3,26000000,messaging,No,No,Yes,Yes,Yes,No,3.6667,Yes,acquired
CA,37.391642,-122.093935,1/1/2005,2.2466,,2,9500000,hardware,Yes,No,No,Yes,No,No,3,Yes,closed
MD,39.2328783,-76.8204666,1/1/2000,7.3151,,1,16980999,biotech,No,No,No,Yes,No,No,1,Yes,acquired
CA,37.419819,-122.090188,1/1/2004,1.0027,,1,5000000,games_video,No,No,Yes,No,No,No,3,No,closed
WA,47.657943,-117.421226,4/1/2007,1.6712,1.6712,1,350000,hardware,Yes,No,No,No,No,No,1,No,closed
MA,42.485691,-71.19862,1/1/2006,1.2384,4.9726,5,13130000,web,Yes,No,Yes,No,No,No,2,Yes,closed
WA,39.78373,-100.445882,1/1/2008,2.8247,2.8247,1,20000000,software,No,No,Yes,No,No,No,1,No,closed
MA,42.372912,-71.118999,6/1/2006,0.5014,3.2959,3,26500000,mobile,Yes,No,Yes,Yes,No,No,2,Yes,acquired
MA,42.432106,-71.453968,1/1/2002,3.6986,4.1041,2,15000000,enterprise,No,No,No,Yes,No,No,5,Yes,acquired
MD,39.414219,-77.410927,1/1/2002,4.3041,4.3041,1,2600000,public_relations,No,No,Yes,No,No,No,1,No,closed
CA,37.54827,-121.988572,1/1/2004,2.3973,6.0329,4,21470000,cleantech,No,No,Yes,Yes,No,No,3.5,Yes,closed
TX,30.280148,-97.749908,5/1/2010,0,0,1,20,mobile,No,Yes,No,No,No,No,1,No,closed
CA,37.384239,-122.012475,1/1/2005,1.9151,,2,3600000,web,No,Yes,Yes,No,No,No,1,No,closed
NY,40.728425,-73.999882,5/1/2005,0.8329,,7,27300000,games_video,No,Yes,Yes,Yes,Yes,Yes,,Yes,acquired
CA,37.779281,-122.419236,1/1/2012,0.5863,0.5863,1,2600000,ecommerce,No,No,Yes,No,No,No,2,No,acquired
CA,37.424298,-122.139809,1/1/2010,0.8027,0.8027,1,5000000,web,No,No,Yes,No,No,No,1,Yes,closed
CA,32.897274,-117.201076,1/1/2004,4.7589,6.2247,2,17000000,mobile,No,No,Yes,Yes,No,No,3.5,Yes,acquired
ME,43.643967,-70.923675,1/1/2008,4.3699,4.3699,1,662000,manufacturing,No,No,Yes,No,No,No,3,No,closed
NY,40.73901,-73.997259,1/1/2010,0,1.0247,2,3750000,hospitality,No,Yes,Yes,No,No,No,4,Yes,acquired
CA,37.764726,-122.394523,10/11/2004,0.9726,6.7534,4,45000000,news,No,No,Yes,Yes,Yes,Yes,4.6667,Yes,acquired
NY,40.7473113,-73.9549182,11/1/2007,,5.863,2,6700000,music,Yes,No,No,No,No,No,8,Yes,acquired
CA,37.536402,-122.325129,1/1/2006,0.1753,3.8795,3,20750000,hardware,Yes,No,Yes,Yes,No,No,2.3333,Yes,acquired
CA,37.786942,-122.401245,1/1/2006,1.1616,7.5041,4,19000000,games_video,No,No,Yes,Yes,Yes,No,2,Yes,acquired
CA,37.778613,-122.395289,10/1/2006,-0.4192,0.6658,3,22500000,search,Yes,No,Yes,No,No,No,4,Yes,acquired
CA,37.792394,-122.402349,5/1/2005,0.5041,3.0986,3,7300000,advertising,No,Yes,Yes,Yes,No,No,2,Yes,acquired
WA,39.78373,-100.445882,3/3/2005,0.7479,7.8247,7,26390819,web,Yes,No,Yes,Yes,No,No,1.3333,Yes,closed
WA,47.582658,-122.135282,11/1/2004,4.4959,4.4959,1,10000000,software,No,No,No,No,Yes,No,3,Yes,acquired
NY,40.73901,-73.997259,9/1/2010,0.0849,,1,31000,web,No,Yes,No,No,No,No,2,No,closed
CA,37.451026,-122.18676,10/1/2005,1.7479,2.7288,3,21500000,mobile,No,No,Yes,Yes,No,No,3.3333,Yes,acquired
CO,39.540323,-104.857271,1/1/2002,4.8521,4.8521,1,4000000,,No,No,No,No,No,No,5,Yes,acquired
CA,33.020832,-117.077311,7/1/2006,0.5041,3.7068,3,9400000,,Yes,No,Yes,Yes,No,No,4,Yes,acquired
NY,37.402802,-122.117418,4/16/2007,0.0411,2.1288,3,5600000,web,No,No,Yes,Yes,No,No,2,Yes,acquired
CA,37.782101,-122.389519,8/1/2006,2.0027,3.0466,2,6000000,finance,No,No,Yes,Yes,No,No,2.5,Yes,acquired
GA,33.7862629,-84.3877936,10/31/2000,2.137,10.1288,4,60704370,transportation,Yes,No,No,Yes,No,Yes,2,Yes,acquired
CA,37.7822788,-122.392978,4/1/2009,0.7534,3.0712,3,2000000,sports,No,Yes,No,No,No,No,3.6667,Yes,acquired
CA,37.778551,-122.391686,11/1/2008,0.4548,0.7041,2,1000000,finance,Yes,No,Yes,No,No,No,5.5,Yes,acquired
PA,40.012771,-75.239234,10/17/2007,1.126,1.4055,2,200000,games_video,No,Yes,Yes,No,No,No,2,Yes,closed
CA,37.628328,-122.420814,1/1/2007,1.8658,1.8658,1,2300000,cleantech,No,No,Yes,No,No,No,2,Yes,closed
CA,37.7885714,-122.4035985,1/1/2006,2.2164,2.2164,1,1000000,mobile,No,No,Yes,No,No,No,1,Yes,closed
CA,37.779624,-122.391236,11/1/2003,0.8356,5.7534,5,24750000,music,Yes,Yes,Yes,Yes,No,No,2.4,Yes,acquired
IL,42.055849,-87.694664,5/15/2005,2.5534,6.3945,2,12800000,software,No,No,Yes,Yes,No,No,2,Yes,closed
CA,37.4305755,-122.0971389,1/1/2001,4.2384,6.5753,2,30500000,enterprise,No,No,No,No,No,Yes,4.5,Yes,acquired
CA,33.133524,-117.254593,1/1/2003,5.5671,8.5342,3,36300000,automotive,Yes,No,No,No,Yes,No,1.5,Yes,closed
CA,37.779281,-122.419236,1/1/2008,2.1726,3.0849,3,6693782,real_estate,Yes,No,No,No,No,No,1.6667,Yes,acquired
CA,32.901049,-117.192656,1/1/1996,11.4329,11.4329,1,20000000,hardware,No,No,No,No,Yes,No,5,Yes,closed
CA,37.316653,-122.05074,1/1/2005,3.4767,3.4767,1,11370000,network_hosting,No,No,Yes,No,No,No,2,Yes,acquired
CA,34.090368,-118.393064,6/1/2006,0.5863,2.6384,3,16500000,web,No,No,Yes,Yes,Yes,No,1.3333,Yes,acquired
CA,37.794891,-122.397901,9/1/2008,0,0,1,250000,network_hosting,No,Yes,No,No,No,No,3,No,closed
NY,40.7043822,-73.9865717,8/1/2006,0.5041,3.3562,5,14400000,web,No,Yes,Yes,Yes,No,No,5.8,Yes,acquired
NY,40.756054,-73.986951,9/1/2007,0,3.9562,5,90000000,enterprise,Yes,No,Yes,Yes,Yes,Yes,3.8,Yes,acquired
CA,37.797435,-122.403175,2/14/2005,1.0164,7.1534,4,13075000,advertising,No,No,Yes,Yes,No,No,4,Yes,acquired
CA,37.388077,-122.08316,6/1/2007,-0.4986,-0.4137,2,26000000,games_video,No,No,Yes,No,Yes,No,2.5,Yes,acquired
MA,42.504817,-71.195611,1/1/2008,3.1616,3.6904,2,16300000,enterprise,No,No,No,Yes,No,No,2,Yes,acquired
TX,30.409765,-97.75101,1/1/2003,4.4521,7.2274,2,5992316,enterprise,Yes,No,Yes,No,No,No,2,No,acquired
CA,32.962655,-117.189656,1/1/2007,3.0575,5.011,4,89400001,biotech,Yes,No,Yes,Yes,No,No,4.3333,Yes,acquired
CA,37.4233698,-122.0986859,5/10/2005,0.8027,0.8027,1,1200000,software,No,No,Yes,No,No,No,1,No,closed
NY,40.729839,-73.991781,1/1/2009,1.1836,1.3781,2,1900000,web,No,Yes,Yes,No,No,No,2.5,Yes,closed
CA,37.779281,-122.419236,1/1/1999,9.3534,12.4055,3,30300000,games_video,Yes,No,No,No,No,Yes,4.5,Yes,closed
NY,40.730646,-73.986614,8/29/2006,2.0027,2.0027,1,500000,web,No,Yes,No,No,No,No,5,No,closed
CA,34.049767,-118.459387,8/1/2006,0,6.9671,5,74000000,network_hosting,No,Yes,Yes,Yes,Yes,Yes,1.75,Yes,acquired
TX,32.945354,-96.708874,1/1/2000,7.1205,7.1205,1,18800000,semiconductor,No,No,No,No,Yes,No,7,Yes,acquired
MI,42.8138649,-86.023846,1/1/2009,0.3288,0.3288,1,20000,web,No,Yes,No,No,No,No,1,No,closed
VA,38.969532,-77.385948,1/1/2009,0.1616,2.1781,4,3350000,mobile,No,Yes,Yes,Yes,No,No,1.5,No,acquired
NJ,40.944543,-74.075419,1/1/2005,5.0192,5.0192,1,26100000,biotech,Yes,No,No,No,No,No,2,Yes,acquired
PA,40.441694,-79.990086,1/1/2009,1.411,2.5151,2,1213066,enterprise,Yes,No,No,No,No,No,1,Yes,closed
CA,37.425359,-122.1389633,1/1/2008,0.8438,4.2219,3,240300000000,advertising,No,No,Yes,Yes,No,No,3.6667,Yes,acquired
CA,37.764169,-122.402021,10/1/2006,0.4986,3.4247,3,13100000,travel,No,Yes,No,Yes,Yes,No,1.6667,Yes,acquired
NY,40.757929,-73.985506,4/1/2008,0.0822,1.7671,3,560001,software,Yes,Yes,No,No,No,No,3.5,Yes,acquired
MN,44.9773,-93.265469,1/1/2009,2.8493,2.8493,1,3500000,enterprise,No,No,Yes,No,No,No,2,Yes,acquired
MA,42.368633,-71.075305,1/1/2005,0.1616,7.5041,7,121500000,mobile,Yes,No,Yes,Yes,Yes,Yes,4.5,Yes,acquired
CA,37.409096,-121.943191,1/1/2005,0.9726,3.8438,4,42500000,mobile,Yes,No,Yes,Yes,Yes,No,2.5,Yes,acquired
NC,35.996653,-78.901805,1/1/2000,5.4384,6.4192,2,36000000,software,Yes,No,No,No,No,Yes,3.5,Yes,acquired
CA,37.793949,-122.398062,8/1/2005,2.5973,2.5973,1,12170000,enterprise,No,No,No,No,Yes,No,3,Yes,closed
NY,40.730646,-73.986614,1/1/2002,5.7534,5.7534,1,1000000,software,No,No,Yes,No,No,No,3,Yes,acquired
CA,38.88521,-76.998641,7/1/2008,3.337,3.937,3,1820000,mobile,No,Yes,No,No,No,No,1,No,acquired
WA,30.6324797,-86.9843446,10/1/2003,4.6,9.4164,4,5700000000,mobile,No,No,No,No,No,No,4.25,Yes,acquired
TX,32.960431,-96.83026,1/1/2001,6.9699,6.9699,1,5000000,security,No,No,No,No,Yes,No,5,Yes,acquired
NY,40.750519,-73.993494,1/1/2010,0.8384,,2,18800000,fashion,No,No,Yes,Yes,No,No,2.5,Yes,acquired
CA,37.406914,-122.09037,1/1/2003,2.3452,,2,72300000,advertising,No,No,No,Yes,Yes,No,4.5,Yes,acquired
CA,33.685697,-117.825982,3/6/2009,-0.137,,3,1310000,social,No,Yes,No,No,No,No,1,No,acquired
MA,42.479262,-71.152277,1/1/2003,2.4164,,2,15000000,software,No,No,Yes,Yes,No,No,2.5,Yes,closed
NY,40.7516611,-73.9843328,3/1/2004,2.2521,4.7397,3,39007789,,No,No,Yes,Yes,Yes,No,3,Yes,acquired
MA,42.504817,-71.195611,1/1/2004,2.0685,2.0685,1,25000000,,No,No,No,No,No,Yes,5,Yes,acquired
MA,42.360253,-71.058291,1/1/2009,0.3288,2.0932,3,172500,web,No,Yes,No,No,No,No,1,No,acquired
NY,40.730646,-73.986614,3/12/2009,1.6658,2.1123,2,6100000,social,No,No,Yes,Yes,No,No,1,Yes,acquired
CA,37.862592,-122.493561,1/1/2004,2.2192,7.9315,3,40300000,mobile,Yes,No,No,Yes,Yes,No,4,Yes,acquired
CA,34.098242,-118.35697,1/8/2011,0.3616,0.3616,1,100000,ecommerce,No,Yes,No,No,No,No,1,No,closed
WA,47.6399006,-122.1914274,9/1/2007,0.3342,5.4904,5,19389998,education,Yes,No,Yes,Yes,Yes,No,1.5,Yes,acquired
CA,37.626166,-122.411025,1/1/2000,2.4822,4.8192,2,61500000,hardware,No,No,No,Yes,No,Yes,4,Yes,acquired
CA,37.779281,-122.419236,1/1/2007,3.4411,3.4411,1,6000000,software,No,No,Yes,No,No,No,2,Yes,acquired
MA,42.360253,-71.058291,1/1/2004,-0.0027,5.0055,4,19100000,mobile,No,No,Yes,Yes,Yes,No,2.5,Yes,acquired
NY,40.756054,-73.986951,10/17/2008,0.2219,2.0548,4,3499997,advertising,Yes,No,Yes,No,No,No,1.5,Yes,acquired
CA,37.502742,-122.211281,3/1/2006,1.2521,1.874,3,2600000,network_hosting,No,Yes,Yes,No,No,No,3.6667,Yes,acquired
CA,37.779281,-122.419236,12/11/2009,-0.4466,1.1479,3,2023000,web,No,Yes,Yes,No,No,No,1.3333,Yes,acquired
CA,33.685697,-117.825982,1/1/2002,5.1068,5.1068,1,25000000,semiconductor,Yes,No,No,No,No,No,4,Yes,acquired
CA,34.019657,-118.487549,3/1/2009,0.7205,3.5945,4,66000000,fashion,Yes,No,Yes,Yes,Yes,No,2.3333,Yes,acquired
NY,40.74929,-73.981328,9/1/2009,1.4192,1.4466,2,1000000,advertising,No,Yes,No,No,No,No,3.5,No,acquired
CA,37.424298,-122.139809,1/1/2010,1.3288,2.063,2,13000000,mobile,No,No,Yes,Yes,No,No,,Yes,acquired
MA,42.37564,-71.2358,1/1/1998,7.6932,14.0329,3,24150000,software,Yes,No,Yes,Yes,No,No,2.3333,Yes,closed
CA,37.354469,-121.990433,1/1/2004,5.8411,8.2219,3,47218498,semiconductor,Yes,No,No,No,Yes,Yes,3.3333,Yes,closed
MA,42.37564,-71.2358,1/1/2002,3.6137,4.3753,2,11800000,search,No,No,No,No,Yes,Yes,4.5,Yes,acquired
NV,35.96544,-115.106579,9/1/2008,1.5973,2.1781,2,2387481,analytics,Yes,No,No,No,No,No,1,Yes,closed
MA,42.346743,-71.076632,1/1/2000,0.8356,7.5863,4,33000000,consulting,Yes,No,Yes,Yes,Yes,No,2.5,Yes,acquired
VA,38.872668,-77.367981,1/1/2005,2.6712,3.8822,2,7500000,software,No,No,Yes,Yes,No,No,1.5,Yes,acquired
CA,37.404788,-121.940842,1/1/2000,6.7479,6.7479,1,25000000,biotech,No,No,No,No,Yes,No,1,Yes,acquired
CA,37.386778,-121.966277,1/1/2002,3.7096,8.9562,4,25305000,software,Yes,No,Yes,Yes,Yes,No,2,Yes,acquired
CA,37.444531,-122.163352,1/1/2008,0.8356,1.8986,2,4950000,web,No,Yes,Yes,No,No,No,12.5,Yes,acquired
CA,37.379684,-121.97514,8/29/2003,2.2712,6.3781,6,53816776,software,Yes,No,No,Yes,Yes,Yes,5,Yes,acquired
NY,37.809782,-122.417306,6/1/2005,-0.1671,0.9151,2,3500000,web,No,No,Yes,Yes,No,No,5.5,Yes,acquired
CA,37.388869,-122.072353,4/1/2007,5.0767,5.0767,1,5000000,enterprise,No,No,Yes,No,No,No,1,No,acquired
CA,37.384756,-122.087712,6/1/2007,0,2.5397,3,2515000,network_hosting,Yes,Yes,Yes,No,No,No,1.6667,Yes,acquired
MA,42.6161515,-71.3258687,1/1/2006,1.0849,2.4986,2,8400000,web,No,No,Yes,Yes,No,No,2,Yes,acquired
CA,34.01695,-118.451933,1/1/2004,2.5836,4.0027,2,4900000,mobile,No,No,Yes,Yes,No,No,1,Yes,closed
WA,47.614422,-122.192337,1/1/2001,4.2959,4.2959,1,5000000,software,Yes,No,No,No,No,No,5,Yes,closed
NY,40.825655,-73.467622,1/1/1981,34.4904,34.4904,1,11000000,public_relations,No,No,No,No,Yes,No,3,Yes,acquired
CA,37.381876,-121.95993,1/1/2000,1.0027,8.2548,4,68400000,mobile,Yes,No,Yes,No,Yes,Yes,4,Yes,acquired
CA,37.779281,-122.419236,1/1/2007,3.0877,4.2795,2,2000000,software,No,Yes,Yes,No,No,No,8.5,Yes,acquired
NY,40.730646,-73.986614,4/1/2006,0.6685,1.926,2,10800000,enterprise,Yes,No,Yes,No,No,No,2,Yes,closed
NY,40.729839,-73.991781,5/9/2005,-0.0219,5.2329,5,37000000,news,Yes,No,Yes,Yes,Yes,No,2.5,Yes,acquired
CA,37.419347,-122.089639,1/1/2004,2.5233,2.5233,1,7660000,security,No,No,Yes,No,No,No,6,Yes,acquired
MA,42.537592,-71.51201,1/1/2005,0.3397,5.2247,4,48730000,software,Yes,No,Yes,Yes,Yes,No,3,Yes,acquired
CA,34.054935,-118.244476,1/1/2009,0,1.4137,2,3350000,messaging,No,Yes,Yes,No,No,No,2.5,Yes,closed
CA,34.141876,-118.132377,9/1/2003,3.8767,7.1973,4,28000000,ecommerce,Yes,No,No,Yes,Yes,No,3,Yes,closed
TX,30.2702703,-97.742204,1/1/2010,1.4959,1.4959,1,2500000,analytics,No,No,Yes,No,No,No,2,Yes,acquired
IL,41.889474,-87.628912,2/1/2004,0.3315,1.1644,2,8000000,web,No,No,Yes,Yes,No,No,4,Yes,acquired
NY,40.73901,-73.997259,10/1/2007,0.5836,1.6521,2,-540000,web,No,Yes,No,No,No,No,2.5,Yes,acquired
CA,37.780716,-122.393913,1/1/2006,0,1.2466,2,3100000,games_video,No,Yes,Yes,No,No,No,2,Yes,acquired
NY,40.750519,-73.993494,4/4/2009,1.0904,2.326,2,1200000,mobile,No,Yes,Yes,No,No,No,6,Yes,acquired
NY,40.752516,-73.973072,6/1/2007,0,0,1,5000000,,No,No,Yes,No,No,No,2,No,closed
CA,37.785655,-122.398393,8/18/2004,0.6658,7.3753,6,37079000,,Yes,No,No,No,Yes,Yes,3.8,Yes,acquired
MA,42.528635,-71.278022,1/1/2002,4.3315,11.1699,4,135826373,other,No,No,No,Yes,No,Yes,4.3333,Yes,acquired
CA,32.88945,-117.166929,1/1/2008,-0.3342,0.2301,2,5000000,mobile,Yes,Yes,No,No,No,No,1,Yes,closed
NY,40.728425,-73.999882,1/1/2011,,1.0849,4,4200000,software,No,Yes,Yes,No,No,No,3,Yes,acquired
WA,47.5989681,-122.3329036,1/1/2005,,3.5808,1,4100000,web,Yes,No,No,No,No,No,1,Yes,closed
CA,37.222698,-121.979887,1/1/2011,0.7726,0.7726,1,2000000,web,No,No,No,No,No,No,1,No,closed
CO,39.937989,-105.058729,1/1/2001,5.0027,5.0027,1,6500000,software,Yes,No,No,No,No,No,1,Yes,acquired
CA,37.561111,-122.270487,6/1/2005,1.4521,1.4521,1,4000000,web,No,No,Yes,No,No,No,3,No,closed
CA,37.391642,-122.093935,1/1/2010,0.2466,1,5,185000,mobile,Yes,Yes,No,No,No,No,2,Yes,closed
OR,45.520247,-122.674195,4/1/2009,2.6959,2.6959,1,1300000,mobile,No,No,Yes,No,No,No,1,No,acquired
NY,40.74632,-73.982607,1/1/2003,3.7945,3.7945,1,45000000,advertising,No,No,No,Yes,No,No,1,No,acquired
MA,42.360253,-71.058291,7/1/2008,2.3041,2.3041,1,2500000,search,No,No,Yes,No,No,No,,Yes,acquired
TX,30.280148,-97.749908,2/1/2005,0.5808,2.737,2,9200000,web,No,No,Yes,Yes,No,No,,Yes,acquired
CA,34.066697,-118.383367,8/1/2010,-1.4712,-0.137,4,435953,web,No,Yes,No,No,No,No,,No,closed
CT,54.983201,-1.574631,1/1/2008,-1,0,2,55600000,network_hosting,No,No,Yes,Yes,No,No,2,No,closed
CO,39.616435,-104.879925,1/1/2001,6.263,6.263,1,10000000,software,Yes,No,No,No,No,No,1,No,acquired
WA,47.603832,-122.330062,1/1/2010,0.8329,0.8329,1,12000,games_video,No,Yes,No,No,No,No,1,Yes,closed
MD,38.988766,-76.940952,1/1/2006,4.0301,4.0849,2,2257464,biotech,Yes,No,No,No,No,No,1,No,closed
NY,40.729839,-73.991781,5/1/2011,0.1671,0.5288,2,983000,messaging,No,Yes,No,No,No,No,6,Yes,acquired
CA,34.054935,-118.244476,12/1/2007,1.4466,2.5068,2,41000000,fashion,No,No,No,Yes,Yes,No,1.5,Yes,acquired
TX,32.969251,-96.823778,1/1/2003,3.6685,5.5589,3,9100000,software,Yes,No,No,Yes,Yes,No,1,No,closed
CA,38.223032,-122.261642,10/22/2004,2.4438,7.1973,3,25500100,software,Yes,No,No,Yes,No,No,2.5,Yes,closed
CA,37.779281,-122.419236,1/1/2010,0.2959,0.2959,1,400000,web,No,Yes,No,No,No,No,1,Yes,acquired
NY,40.730646,-73.986614,1/1/2002,4.737,8.3479,10,22165091,network_hosting,Yes,No,No,Yes,No,No,2,Yes,acquired
CA,37.763652,-122.421778,6/1/2007,0.1671,0.1671,1,500000,network_hosting,No,No,Yes,No,No,No,4,Yes,acquired
CA,37.393679,-122.079017,2/1/2005,0.663,5.8849,5,70000000,web,No,No,Yes,Yes,Yes,Yes,2.8,Yes,acquired
IL,42.048203,-88.031569,3/1/2007,1.2603,3.1781,2,4700000,security,Yes,No,Yes,No,No,No,1,Yes,acquired
MA,37.09024,-95.712891,1/1/2006,2.0055,2.0055,1,30000000,ecommerce,Yes,No,No,No,No,No,2,Yes,acquired
MA,42.447318,-71.2245,1/1/2003,2.0658,9.3836,5,39000000,software,No,No,No,Yes,Yes,Yes,3.25,Yes,acquired
CA,37.381341,-121.977065,1/1/2000,6.4356,9,3,32000000,semiconductor,No,No,No,No,No,Yes,3,Yes,acquired
MA,42.375518,-71.272292,1/3/2000,0.1151,1.1507,3,42000000,advertising,No,No,Yes,Yes,Yes,No,2.6667,Yes,acquired
CA,33.685697,-117.825982,1/1/2001,4.3726,9.3616,3,24510540,enterprise,Yes,No,Yes,Yes,No,No,2.6667,Yes,acquired
CA,37.441537,-122.158332,1/1/2000,5.6548,5.6548,1,2500000,software,Yes,No,No,No,No,No,2,Yes,closed
FL,28.0385347,-82.5068513,1/1/2002,3.6027,7.926,3,21460663,software,No,No,No,Yes,Yes,Yes,4.5,Yes,acquired
NY,40.730646,-73.986614,1/1/2001,5.3507,5.3507,1,15000000,games_video,No,No,No,No,Yes,No,4,Yes,acquired
CA,37.779281,-122.419236,1/1/2006,1.4137,4.2795,2,889999,mobile,Yes,Yes,No,No,No,No,3.5,Yes,closed
CA,37.573045,-122.2823,1/1/2001,4.2219,4.2219,1,16000000,software,No,No,No,Yes,No,No,3,Yes,acquired
CA,37.762185,-122.467269,7/1/2005,2.4192,2.4192,1,7000000,web,No,No,No,Yes,No,No,2,Yes,acquired
NY,40.730646,-73.986614,6/1/2010,0.7479,0.7479,2,100000,advertising,No,Yes,No,No,No,No,1,No,closed
NY,40.73901,-73.997259,10/1/2007,1.9041,1.9041,1,1500000,music,No,No,Yes,No,No,No,1,No,acquired
WA,47.617838,-122.356027,1/1/2000,6.0356,,1,8000000,web,Yes,No,No,No,No,No,1,Yes,acquired
CA,34.018275,-118.495025,8/1/2007,0.2521,,2,4000000,web,No,No,Yes,Yes,No,No,3,Yes,acquired
CA,37.7611016,-122.4160008,6/20/2009,0.0164,0.0164,1,25000,web,No,Yes,No,No,No,No,1,No,closed
CA,37.484347,-122.225803,1/1/2003,2.4301,9.0055,6,64630000,mobile,Yes,No,No,Yes,Yes,No,3.6667,Yes,acquired
CA,40.787878,-74.388207,1/1/2005,1,3.6493,2,12100000,web,No,No,Yes,Yes,No,No,1,Yes,closed
CA,37.779281,-122.419236,1/1/2001,4.2192,5.611,2,20000000,,No,No,No,No,Yes,Yes,4.5,Yes,acquired
TX,30.409765,-97.75101,1/1/2003,2.0301,9.3808,4,49600000,,No,No,No,Yes,Yes,No,2.6667,Yes,closed
CA,34.1549426,-118.6545471,1/1/2000,7.5123,9.9479,5,51450000,games_video,Yes,No,No,No,No,Yes,5.6667,Yes,acquired
CA,37.775206,-122.419209,6/1/2008,-0.1808,2.5178,2,6300000,messaging,No,No,Yes,Yes,No,No,2,Yes,acquired
NY,40.750519,-73.993494,1/1/2010,2,2,1,200000,mobile,No,Yes,No,No,No,No,2,Yes,closed
OH,39.099909,-84.504243,9/1/2011,0,0,1,20000,fashion,No,Yes,No,No,No,No,1,No,closed
MA,42.492256,-71.134549,1/1/2003,0,3.3945,2,11600000,hardware,No,No,Yes,No,Yes,No,2,Yes,acquired
CA,37.391727,-122.077597,5/1/2006,0.1205,0.1205,1,9150000,web,No,No,Yes,No,No,No,2,Yes,acquired
OH,39.099909,-84.504243,7/1/2009,0.2849,0.2849,1,1200000,advertising,No,No,Yes,No,No,No,4,Yes,closed
CA,34.054935,-118.244476,2/1/2010,1.8301,1.8301,1,1700000,social,No,No,No,No,No,No,7,Yes,closed
CA,39.762314,-104.982256,1/1/2007,0.5808,2.5123,3,1415000,social,Yes,Yes,No,No,No,No,1,Yes,acquired
CA,37.7915,-122.40045,1/1/2005,1.0849,3.1342,2,4200000,enterprise,No,No,Yes,Yes,No,No,1.5,Yes,acquired
MA,42.354023,-71.058096,1/1/2007,0.9151,1.6356,2,500000,web,No,Yes,Yes,No,No,No,2,No,acquired
TX,32.997114,-96.676137,1/1/2002,5.9507,5.9507,1,21500000,public_relations,No,No,No,No,Yes,No,4,Yes,acquired
UT,40.3310529,-111.7276347,6/1/2006,0.0411,1.5863,2,10000000,web,No,No,Yes,No,No,No,2,No,acquired
CA,34.054935,-118.244476,1/1/2004,1.0877,2.5616,2,9500000,software,No,No,Yes,Yes,No,No,2.5,Yes,closed
NM,35.084103,-106.650985,1/1/2007,2.9808,5.211,2,13875001,cleantech,No,No,No,No,No,No,10,Yes,closed
NJ,40.347054,-74.064306,1/1/2000,10.9068,10.9068,1,275000,software,No,Yes,No,No,No,No,2,No,closed
CA,37.426316,-122.141082,1/1/2005,0.0849,5.0356,3,19743770,software,No,No,No,Yes,Yes,No,2.5,Yes,acquired
MA,42.360253,-71.058291,7/1/2008,2.0849,4.0192,5,1178000,software,No,Yes,No,No,No,No,5,Yes,acquired
CA,37.520592,-122.255907,1/1/2005,0.7479,2.7945,3,25000000,security,No,No,Yes,Yes,No,No,,Yes,acquired
PA,40.6015759,-75.3611135,1/1/2004,1.5863,3.1808,3,24150000,semiconductor,Yes,No,Yes,Yes,No,No,,Yes,acquired
CA,37.382162,-122.036301,1/1/2005,1.7479,3.5452,2,80000000,mobile,No,No,Yes,Yes,No,No,,No,closed
CA,37.354469,-121.990433,1/1/2004,,3.326,2,36000000,hardware,No,No,Yes,Yes,No,No,,Yes,acquired
MO,38.703764,-90.443832,9/19/2006,,1.3973,1,205000,network_hosting,No,Yes,No,No,No,No,,No,closed
CA,37.387845,-122.055197,11/17/2002,,4.211,4,28300000,web,No,No,Yes,Yes,Yes,Yes,,Yes,acquired
CA,37.550954,-122.315396,7/7/2007,-1.1836,-1.1836,1,2000000,web,No,No,No,No,No,No,,No,closed
CA,37.627971,-122.426804,2/1/2005,0.7479,1.1616,2,11500000,games_video,No,No,Yes,Yes,No,No,,Yes,acquired
NY,40.730646,-73.986614,1/1/2010,0.8904,0.8904,1,4000000,mobile,No,No,Yes,No,No,No,3,Yes,closed
NY,40.74929,-73.981328,8/1/2009,0.7151,0.7151,1,500000,ecommerce,No,Yes,No,No,No,No,1,Yes,closed
TX,30.387275,-97.759511,6/1/2006,0.7425,0.7425,1,4000000,search,No,No,Yes,No,No,No,2,Yes,closed
NY,40.650104,-73.949582,1/1/2010,0,2.4274,2,9030000,web,No,Yes,Yes,No,No,No,4,Yes,closed
PA,39.952399,-75.16359,1/1/2005,0.0658,4.3863,4,69900000,biotech,No,Yes,Yes,No,Yes,Yes,4.75,Yes,acquired
CA,34.050451,-118.437775,9/1/2011,0.6658,0.6658,1,20000,messaging,No,Yes,No,No,No,No,1,No,closed
IN,39.7672093,-86.1580785,12/1/2000,3.6384,11.9041,7,238209999,software,Yes,No,No,No,No,No,2,Yes,acquired
MA,42.504817,-71.195611,1/1/2004,3.1014,6.7342,3,14700000,medical,Yes,No,No,Yes,No,No,1,No,acquired
CA,37.437328,-122.159928,1/1/2007,-0.1288,0.8712,3,430000,games_video,No,Yes,No,No,No,No,1.6667,No,acquired
CA,37.538352,-122.299665,6/1/2011,1.337,1.4219,2,1015000,enterprise,Yes,No,Yes,No,No,No,1,No,acquired
CA,37.4484914,-122.1802812,4/1/2009,0.4438,0.4438,1,1200000,web,Yes,No,No,No,No,No,2,Yes,closed
PA,40.364273,-74.951278,4/1/2005,1.8301,3.3288,2,17100000,web,No,No,Yes,Yes,No,No,2.5,Yes,acquired
CO,39.6478,-104.9875,1/1/2004,4.6767,4.6767,1,59870000000,web,Yes,No,No,No,No,No,4,Yes,acquired
CA,34.054935,-118.244476,1/1/2006,0.6548,0.6548,1,900000,software,No,No,Yes,No,No,No,1,Yes,closed
CA,37.563905,-122.324688,4/10/1990,16.9863,16.9863,1,6000000,network_hosting,No,No,Yes,No,No,No,1,Yes,closed
NY,40.729839,-73.991781,1/1/2002,0.7479,7.0904,2,15100000,advertising,No,Yes,Yes,No,No,No,1,No,acquired
CA,38.232583,-122.636465,1/1/2001,1,8.8795,5,62600000,semiconductor,Yes,No,Yes,Yes,Yes,Yes,9.3333,Yes,acquired
CA,37.486368,-122.230116,6/1/2006,1.8575,4.6027,4,14800000,mobile,Yes,No,No,Yes,Yes,No,2.25,Yes,acquired
CA,34.172904,-118.374037,4/1/2008,0.0411,3.1425,2,6875000,,Yes,No,Yes,No,No,No,7,Yes,acquired
TX,31.5682893,-97.1973664,12/11/2007,0.8712,0.8712,1,30000,,No,Yes,No,No,No,No,1,No,closed
CA,37.386778,-121.966277,1/1/2000,6.263,6.263,1,22200000,public_relations,No,No,No,No,No,No,9,Yes,closed
CO,40.0186731,-105.2762236,5/18/2007,0.2055,,2,415000,network_hosting,No,Yes,No,No,No,No,1,Yes,acquired
NY,40.743808,-73.983626,3/1/2007,-0.1616,,4,27063781,web,No,No,Yes,Yes,Yes,No,3.5,Yes,acquired
CA,34.394343,-119.51231,1/1/2003,3.0877,,1,3100000,advertising,No,No,Yes,No,No,No,5,Yes,acquired
CA,37.451124,-122.166264,1/1/2005,2.1616,3.2877,2,33000000,search,No,No,Yes,Yes,No,No,2.5,Yes,closed
CA,37.430025,-122.09998,1/1/2003,2.7753,5.0027,3,17400000,web,Yes,No,No,No,Yes,No,5,Yes,acquired
CA,37.491356,-122.228843,1/1/2005,0,3.3863,5,28300000,web,No,Yes,Yes,Yes,Yes,Yes,2,Yes,acquired
CA,37.563585,-122.324621,12/1/2006,-0.2493,2.1644,4,46800000,advertising,No,No,Yes,Yes,Yes,No,2.5,Yes,acquired
IL,41.879535,-87.624333,1/1/2009,1.3288,2.0301,3,1525000,ecommerce,No,Yes,No,No,No,No,2.6667,Yes,acquired
NY,40.730646,-73.986614,11/15/2011,0.3397,0.3397,1,1200000,travel,No,Yes,No,No,No,No,5,Yes,acquired
CA,37.391642,-122.093935,5/1/2005,0.1781,4.0301,3,12400000,web,Yes,No,Yes,Yes,No,No,1.6667,Yes,acquired
PA,39.959721,-75.605964,1/1/2006,4.5863,4.5863,1,100000,biotech,Yes,No,No,No,No,No,1,Yes,closed
CA,37.779281,-122.419236,1/1/2003,2.2219,7.3288,3,11000000,software,Yes,Yes,No,Yes,No,No,1.6667,Yes,acquired
TN,36.16223,-86.774353,1/1/2010,1.3397,2.2795,2,675000,web,No,Yes,No,No,No,No,1.5,No,acquired
CA,37.3725243,-122.035963,1/1/2005,0,2.3863,2,13000000,software,No,No,Yes,Yes,No,No,2.5,Yes,acquired
NY,40.728425,-73.999882,2/1/2010,0.7479,0.7479,1,3500000,social,No,No,No,No,No,No,2,Yes,acquired
MA,42.49173,-71.281795,1/1/2001,4.9342,4.9342,1,12000000,hardware,No,No,No,No,Yes,No,4,Yes,closed
CA,37.524422,-122.265869,1/1/2007,0.5808,4.8521,5,78573646,games_video,No,No,Yes,Yes,Yes,No,4.3333,Yes,acquired
TN,36.13996,-86.796377,1/1/2007,0.4521,6.0822,3,15286415,photo_video,No,No,Yes,No,No,No,1,No,acquired
CA,37.79402,-122.4031242,1/1/2008,0.7123,0.7123,1,3200000,web,No,No,Yes,No,No,No,1,Yes,acquired
WA,47.184901,-122.292141,3/1/2011,0.0164,0.0164,1,30000,advertising,No,Yes,No,No,No,No,2,No,closed
CA,37.538352,-122.299665,1/1/2002,0,10.8192,3,14650003,software,No,Yes,No,No,No,Yes,1,No,acquired
CA,37.7710177,-122.4025976,1/1/2003,3.1589,5.6712,2,23500000,software,Yes,No,No,Yes,No,No,5,Yes,acquired
MA,42.493447,-71.514104,1/1/2001,5.0082,5.0082,1,980000,software,No,No,No,No,No,No,1,No,closed
CA,37.390956,-122.032795,1/1/2004,3.1562,3.1562,1,20000000,hardware,No,No,No,Yes,No,No,3,Yes,closed
WA,47.603327,-122.334983,12/1/2004,-0.9178,-0.9178,1,1500000,web,No,No,No,No,No,No,3,No,closed
CA,34.031328,-118.471463,1/1/2004,4.1753,5.537,2,8000000,games_video,No,No,Yes,No,No,No,1.5,Yes,acquired
CA,37.453687,-122.228595,10/1/2005,0.326,4.6932,4,25200000,software,No,No,Yes,Yes,Yes,Yes,4,Yes,acquired
CA,37.552262,-122.292146,6/1/2003,2.7507,4.589,4,61000000,software,No,No,Yes,Yes,Yes,No,3,Yes,acquired
CA,37.396312,-121.961396,5/1/2006,1.337,4.3041,4,46300000,games_video,Yes,No,Yes,Yes,Yes,No,4.25,Yes,acquired
MD,38.963492,-77.091025,1/1/2002,4.0274,8.2712,4,24500000,software,No,No,No,Yes,Yes,Yes,4.3333,Yes,acquired
CA,37.496904,-122.333057,1/1/2006,0.9863,1.6575,2,7500000,games_video,No,No,Yes,No,No,No,1,No,closed
CA,37.557637,-122.285714,1/1/1993,23.2493,23.2493,1,14500000,enterprise,No,No,No,No,Yes,No,9,Yes,acquired
WA,47.5827803,-122.1548103,1/1/2007,2.6493,2.6493,1,29000000,games_video,Yes,No,No,No,No,No,5,Yes,closed
CA,37.390233,-122.033741,1/1/2005,0,3.3808,3,24000000,network_hosting,No,No,Yes,Yes,Yes,No,2.6667,Yes,acquired
CA,34.1411985,-118.7040908,1/1/2000,5.3562,10.2082,4,81017493,semiconductor,Yes,No,No,No,Yes,Yes,5.6667,Yes,acquired
CA,41.78942,-87.596232,10/1/2007,,2.1726,2,1000000,analytics,No,Yes,No,No,No,No,4.5,Yes,acquired
CO,39.977763,-105.13193,1/1/2010,,1.8712,2,12010000,software,Yes,No,Yes,No,No,No,2.5,Yes,acquired
MA,42.479262,-71.152277,1/1/2002,3.7562,3.7562,1,22000000,mobile,No,No,No,No,Yes,No,4,Yes,acquired
CA,37.459177,-122.173907,1/1/1999,8.4493,8.4493,1,42700000,biotech,No,No,No,Yes,No,No,3,Yes,closed
CA,37.4587657,-122.1725191,1/1/2000,5.9753,7.3918,3,80000000,software,Yes,No,No,No,No,Yes,4,Yes,acquired
CA,37.288326,-121.945633,1/25/2010,1.1589,1.1589,1,205000,web,No,Yes,No,No,No,No,7,Yes,acquired
NY,40.730646,-73.986614,10/1/2008,1.7644,1.7644,1,3750000,analytics,No,No,Yes,No,No,No,1,Yes,acquired
CA,37.441537,-122.158332,8/1/2010,0,0.6411,2,41000000,other,No,No,Yes,Yes,No,No,1.5,Yes,closed
CA,37.393536,-122.076747,2/1/2008,1.7781,2.3863,2,76000000,games_video,No,No,Yes,No,No,No,4,Yes,acquired
MA,42.493447,-71.514104,1/1/2006,0,2.7507,2,20000000,enterprise,No,No,Yes,Yes,No,No,1,Yes,acquired
CA,37.779281,-122.419236,4/30/2009,1.2877,3.8521,2,9356180,analytics,No,No,Yes,Yes,No,No,1.5,Yes,acquired
NY,40.743662,-73.984268,4/16/2013,-9.0466,-9.0466,1,100000,advertising,No,Yes,No,No,No,No,1,No,closed
GA,33.7812614,-84.3675617,1/1/2007,2.0767,4.6603,2,13600000,software,No,No,No,Yes,Yes,No,3,Yes,acquired
CA,37.7766184,-122.3938931,10/1/2006,1.1671,1.1671,1,3000000,advertising,No,No,Yes,No,No,No,2,Yes,acquired
CA,37.791564,-122.399981,1/1/2005,1.874,6.4767,5,21138876,,Yes,No,Yes,Yes,No,No,2,Yes,closed
MA,42.364014,-71.101375,3/31/2009,0.1945,0.7836,4,2345000,enterprise,No,Yes,Yes,No,No,No,5.75,Yes,acquired
CA,37.566123,-122.323045,1/15/2005,0.7945,0.7945,1,4000000,web,No,No,Yes,No,No,No,,No,closed
CA,37.406914,-122.09037,1/1/2003,3.811,5.1781,2,17000000,software,Yes,No,No,No,Yes,No,3,Yes,closed
NY,40.750519,-73.993494,1/1/2009,1.8,1.8,1,1100000,web,No,Yes,No,No,No,No,8,Yes,acquired
KY,38.046407,-84.497039,7/26/2010,-0.2384,0.8493,4,59700,software,No,Yes,No,No,No,No,1,Yes,acquired
CA,37.814202,-122.477959,11/3/2008,-0.0082,-0.0082,1,2350000,enterprise,No,No,Yes,No,No,No,2,Yes,acquired
VA,38.87804,-77.436151,1/1/2006,1.8822,1.8822,1,10000000,software,No,No,Yes,No,No,No,2,Yes,closed
CA,37.424298,-122.139809,1/1/2011,0.6767,1.4493,2,21189,mobile,Yes,Yes,No,No,No,No,1,Yes,closed
MA,42.3988661,-71.253781,1/1/2004,2.4521,5.1562,3,28000000,software,No,No,Yes,Yes,Yes,No,2.6667,Yes,acquired
CA,37.386778,-121.966277,1/1/2002,3.3315,3.3315,1,-9500000,software,Yes,No,No,No,No,No,2,No,closed
CA,37.352313,-121.967982,10/1/2003,1.7479,5.5616,3,69600000,semiconductor,Yes,No,No,Yes,No,Yes,7.6667,Yes,acquired
VA,38.919954,-77.212493,3/1/2003,2.6822,6.4164,3,23500000,mobile,Yes,No,No,Yes,Yes,No,3.6667,Yes,acquired
OR,45.413842,-122.725662,1/1/2002,4.4712,4.4712,1,13000000,software,No,No,No,No,No,Yes,4,Yes,acquired
NY,40.73901,-73.997259,1/1/2005,1.5616,3.1562,2,21750000,games_video,Yes,No,No,Yes,No,No,2,Yes,acquired
PA,40.602206,-75.471279,1/1/2000,5.1644,5.1644,1,5750000,public_relations,No,No,No,No,Yes,No,4,Yes,closed
ME,42.645342,-71.234547,1/1/2005,0.7342,1.1753,2,23400000,software,No,No,Yes,Yes,No,No,2.5,Yes,acquired
CA,37.486571,-122.229161,3/1/2007,1.0685,1.0685,1,4300000,advertising,No,No,Yes,No,No,No,2,Yes,closed
TX,30.384453,-97.709809,8/28/2005,2.2082,4.6521,2,20000000,security,Yes,No,No,No,Yes,No,2,Yes,acquired
CA,37.3777985,-121.9744545,1/1/2004,4.2356,9.3616,2,51000000,biotech,No,No,No,No,Yes,No,3.5,Yes,acquired
MA,42.241765,-71.166164,1/1/2000,3.6877,10.137,4,27101994,enterprise,Yes,No,No,Yes,No,No,4.6667,Yes,acquired
CA,37.320309,-122.05004,1/1/2001,5.1507,5.1507,1,6480000,public_relations,No,No,No,No,No,Yes,3,Yes,acquired
CA,37.477037,-122.15164,5/1/2007,0.4192,2.2329,2,35000000,enterprise,No,No,Yes,Yes,No,No,2.5,Yes,acquired
MA,42.358956,-71.054776,1/1/2010,-3.5068,0.3945,3,11300000,web,Yes,No,No,Yes,Yes,No,1,Yes,closed
GA,33.956215,-83.987962,1/1/2012,0.2986,0.2986,1,19000,ecommerce,No,Yes,No,No,No,No,1,No,closed
NJ,40.728158,-74.077642,1/1/2005,1.6658,5.3014,6,78500000,ecommerce,No,No,Yes,Yes,Yes,Yes,3.4,Yes,acquired
NY,40.730646,-73.986614,11/15/2011,0.1534,0.1534,1,-600000,web,No,Yes,No,No,No,No,2,No,closed
MD,38.97864,-76.492786,1/1/2000,5.4932,6.5836,2,13000000,network_hosting,No,No,Yes,Yes,No,No,1.5,Yes,acquired
CA,37.386665,-122.084171,7/1/2005,0,2.8356,5,43600000,search,No,No,Yes,Yes,Yes,Yes,3,Yes,closed
CA,37.776246,-122.4179223,9/10/2008,0.3589,3.4712,5,142000000,enterprise,No,No,Yes,Yes,Yes,Yes,5.2,Yes,acquired
CA,37.406914,-122.09037,4/11/2008,2.1836,3.3068,2,2000000,web,Yes,No,Yes,No,No,No,1.5,Yes,acquired
TX,30.354768,-97.798152,1/1/2001,2,4.0466,3,26800000,software,No,No,Yes,Yes,Yes,No,3,Yes,acquired
CA,37.261986,-121.784279,1/1/2006,1.2904,6.389,6,55900000,hardware,Yes,No,Yes,Yes,Yes,No,3.2,Yes,closed
CA,37.386665,-122.084171,2/23/2005,1.6027,2.8137,2,11000000,mobile,No,No,Yes,Yes,No,No,2,Yes,acquired
CA,37.386778,-121.966277,1/1/2009,0.4137,2.474,3,31500000,enterprise,No,No,Yes,Yes,Yes,No,3.3333,Yes,acquired
DC,38.894955,-77.036646,6/12/2009,3.3863,3.3863,1,1500000,enterprise,Yes,No,No,No,No,No,2,No,acquired
NY,40.729839,-73.991781,5/17/2011,0.0082,1.1479,3,900000,social,No,Yes,No,No,No,No,1.5,Yes,closed
CA,37.2615879,-121.9578487,1/1/2003,1.4603,6.3918,3,58000000,biotech,No,No,Yes,Yes,Yes,No,5,Yes,acquired
MA,42.485102,-71.211568,1/1/2007,0.4959,4.9671,4,29050000,software,Yes,No,No,Yes,No,No,2.6667,Yes,acquired
NV,36.170538,-115.101942,1/1/2011,0.7589,2.4521,2,250000,news,No,Yes,No,No,No,No,1.5,Yes,acquired
CA,37.386778,-121.966277,1/1/2003,3.6493,3.6493,1,21000000,,No,No,No,No,Yes,No,4,Yes,closed
NY,40.907974,-73.84179,1/1/2000,4.1671,7.4356,2,35000000,advertising,Yes,No,Yes,No,No,No,3.5,Yes,acquired
CA,37.779281,-122.419236,8/16/2010,-0.0027,-0.0027,1,500000,web,No,Yes,No,No,No,No,1,No,closed
TX,32.997114,-96.676137,1/1/2000,5.611,6.474,2,30920000,public_relations,Yes,No,No,No,No,No,3.5,Yes,acquired
CA,37.409147,-122.015463,1/1/2002,2,8.0356,4,29288979,software,Yes,No,Yes,Yes,Yes,No,2.6667,Yes,acquired
MA,42.6555302,-71.1455618,1/1/1999,8.0986,12.3671,4,24200000,software,Yes,No,Yes,No,Yes,No,2.3333,Yes,closed
CA,37.351894,-122.085807,10/1/2006,1,1,1,1000000,web,No,No,Yes,No,No,No,1,No,acquired
MN,44.912723,-93.499059,1/1/2003,1,3.0575,2,5550000,web,No,Yes,Yes,No,No,No,1,Yes,acquired
CA,37.4063024,-122.1088743,7/27/2009,-0.1534,2.3425,2,3000000,mobile,No,Yes,Yes,No,No,No,3.5,Yes,closed
CA,37.391642,-122.093935,10/1/2005,0.6767,1.9178,2,14300000,web,No,No,Yes,Yes,No,No,4.5,Yes,acquired
CA,32.901049,-117.192656,1/1/2002,4.2192,4.2192,1,1000000,network_hosting,Yes,No,No,No,No,No,2,No,closed
CA,37.417002,-122.07871,1/1/2003,2.5644,3.389,2,11000000,software,Yes,No,No,Yes,No,No,1.5,Yes,acquired
NY,40.730646,-73.986614,1/1/2007,2.0027,3.0027,2,2000000,photo_video,Yes,Yes,No,No,No,No,3,No,closed
CA,40.234451,-111.658656,2/1/2007,0.8301,2.7178,2,5000000,web,Yes,Yes,No,No,No,No,1,Yes,acquired
CA,37.320309,-122.05004,1/1/2008,2.0027,2.0027,1,11000000,enterprise,No,No,No,Yes,No,No,3,Yes,acquired
CA,37.445667,-122.166911,7/1/2008,0.4192,3.4192,4,14100000,enterprise,No,Yes,Yes,Yes,No,No,2.25,Yes,acquired
CA,34.062504,-118.354605,8/5/2005,0.4932,0.4932,1,5000000,search,No,No,Yes,No,No,No,1,No,closed
WA,45.630695,-122.674456,1/1/2009,0,1.5808,2,400000,web,No,Yes,No,No,No,No,1,No,closed
CA,37.658313,-122.391032,1/1/2000,7.3945,7.3945,1,10000000,biotech,No,No,No,No,Yes,No,1,No,acquired
MA,42.405685,-71.255857,1/1/2005,0.8329,4.0712,3,11035000,software,Yes,No,No,Yes,Yes,No,1.6667,Yes,closed
MA,42.4717204,-71.2621435,1/1/2000,5.6438,5.6438,1,12700000,public_relations,No,No,No,No,No,Yes,4,Yes,acquired
CA,39.78373,-100.445882,1/1/2008,2.9507,3.5562,2,20757182,biotech,No,No,No,Yes,No,No,1,Yes,acquired
CA,37.404044,-121.978956,6/1/2000,5.4658,7.2822,3,27000000,software,No,No,No,No,No,Yes,6,Yes,acquired
NY,40.7445343,-73.9874008,4/1/2004,3.7534,3.7534,1,10000000,advertising,No,No,Yes,No,No,No,1,No,acquired
CA,33.923916,-118.39665,1/1/2001,4.2219,4.2219,1,26000000,public_relations,No,No,No,No,No,Yes,4,Yes,closed
CT,44.671539,-70.144101,1/1/2005,2.1616,4.9562,2,4000000,messaging,No,No,Yes,No,No,No,2,Yes,closed
CA,37.377787,-122.029217,1/1/2004,2.0849,3.9425,2,20220000,hardware,No,No,Yes,Yes,No,No,3,Yes,acquired
NY,40.717248,-74.002662,3/1/2001,4.3534,4.3534,1,10000000,games_video,No,No,No,Yes,No,No,4,Yes,acquired
NY,40.7434025,-73.9890857,4/7/2005,1.5123,3.6082,2,7350000,games_video,No,No,Yes,Yes,No,No,4.5,Yes,closed
CA,37.288136,-121.79765,7/1/2009,0.7671,0.7671,1,50000,messaging,No,Yes,No,No,No,No,1,No,closed
NY,40.7394115,-73.9895748,1/1/2009,1.8822,1.8822,1,1000000,fashion,No,No,Yes,No,No,No,7,Yes,closed
CA,37.39972,-122.108306,1/1/2003,2.7945,6.0356,4,45000000,security,No,No,Yes,Yes,Yes,No,2,Yes,closed
CA,32.877656,-117.210595,7/1/2007,0.2164,4.8438,5,70000000,enterprise,Yes,No,Yes,Yes,Yes,No,4.2,Yes,closed
WA,47.6447802,-122.325878,1/1/2008,1.3096,1.3096,1,500000,ecommerce,No,No,Yes,No,No,No,1,Yes,closed
CA,37.779281,-122.419236,8/1/2008,0.0849,1.3342,2,500000,software,No,No,No,No,No,No,,Yes,closed
TX,30.306591,-97.826727,1/1/2004,1.0877,3.6438,3,44000000,semiconductor,No,No,Yes,Yes,Yes,No,4,Yes,acquired
CO,39.5604863,-104.8656251,1/1/1999,10.3644,10.3644,1,21000000,semiconductor,Yes,No,No,No,No,No,5,Yes,closed
CA,34.083228,-118.341449,1/1/2009,0.7041,1.1315,2,19000000,games_video,No,No,Yes,Yes,No,No,3.5,Yes,acquired
CA,39.78373,-100.445882,1/1/2006,1.4247,4.5397,3,18700000,semiconductor,Yes,No,Yes,No,No,No,2,Yes,closed
CA,37.626166,-122.411025,9/1/2009,1.0932,1.0932,1,10000000,software,No,No,Yes,No,No,No,7,Yes,acquired
FL,28.032975,-82.64611,8/1/2006,0.4192,0.4192,3,5900000,software,No,Yes,No,No,No,No,1,No,closed
MA,37.237937,-121.974591,1/1/2004,3.4301,4.2548,2,28000000,other,No,No,No,Yes,Yes,No,2,Yes,acquired
NH,42.7370219,-71.4872976,1/1/2007,0,4.3945,7,24300000,software,Yes,Yes,Yes,Yes,No,No,2,Yes,closed
CA,37.384717,-122.081625,1/1/2005,0.4137,5.337,4,32006000,mobile,No,Yes,Yes,Yes,Yes,No,1.6667,Yes,acquired
CA,37.3169065,-122.0497023,1/1/2002,3.0877,3.0877,1,13400000,public_relations,No,No,No,Yes,No,No,2,Yes,acquired
CA,37.7819267,-122.3932389,6/1/2005,3.8493,4.8329,3,9400000,enterprise,No,Yes,Yes,Yes,No,No,1.5,Yes,acquired
CO,40.0186313,-105.2764361,1/1/2005,1.0849,7.937,6,15324624,enterprise,Yes,Yes,Yes,Yes,No,No,2.5,Yes,acquired
WA,47.603832,-122.330062,3/1/2009,1.3342,1.3342,1,2000000,web,No,No,No,No,No,No,11,Yes,acquired
CA,37.775196,-122.419204,6/1/2007,0.4192,3.674,3,16000000,web,No,No,Yes,Yes,Yes,No,5.6667,Yes,acquired
MN,44.950404,-93.101503,1/1/2006,3.9205,6.7342,3,44000000,medical,Yes,No,No,Yes,Yes,No,2.3333,Yes,closed
PA,39.952399,-75.16359,1/1/2010,1.811,2.4548,2,1175000,software,Yes,No,No,No,No,No,1,No,closed
CA,37.661002,-121.897829,1/1/2000,6.8329,10.2712,2,9000000,network_hosting,No,No,No,No,No,No,4,Yes,acquired
CA,32.7154,-117.1565,1/1/2002,0.3288,5.3726,3,35150000,web,No,No,Yes,Yes,Yes,No,3,Yes,acquired
MA,42.504817,-71.195611,1/1/2005,1.3288,5.6712,3,12000000,software,Yes,No,Yes,Yes,No,No,2.6667,Yes,acquired
CA,37.396023,-122.03311,1/1/2002,5.663,5.663,1,30000000,biotech,No,No,No,No,Yes,No,9,Yes,acquired
CA,37.537542,-122.327609,1/1/2003,6.1342,6.1342,1,8000000,security,No,No,No,Yes,No,No,2,Yes,acquired
CA,37.782978,-122.394517,1/1/2007,2.0959,2.0959,1,4100000,advertising,No,No,Yes,No,No,No,2,Yes,acquired
IL,40.116421,-88.243383,1/1/2008,1.9562,3.5123,2,2408500,social,No,Yes,No,No,No,No,3,Yes,closed
CA,37.386778,-121.966277,1/1/2002,2.1644,5.8493,4,72000000,other,No,No,Yes,Yes,Yes,No,2.25,Yes,closed
MN,44.96659,-93.331943,1/1/2006,1,2,2,18400000,enterprise,Yes,No,No,No,No,No,1,No,closed
NC,35.7259177,-79.1791771,1/1/1997,8.0219,14.9726,7,162264126,biotech,Yes,No,No,Yes,Yes,Yes,6.75,Yes,closed
MA,42.3751,-71.105616,1/1/2003,7.4575,7.4575,1,29000000,biotech,Yes,No,No,No,No,No,7,Yes,acquired
WA,47.603832,-122.330062,1/1/2000,5.4247,5.4247,1,8700000,network_hosting,No,No,Yes,No,No,No,2,Yes,closed
MA,42.36236,-71.099692,1/1/2001,4.6877,4.6877,1,10000000,mobile,No,No,No,No,Yes,No,7,Yes,acquired
MA,42.4871509,-71.1986329,1/1/2008,0.9178,2.6329,2,15000000,software,No,No,Yes,Yes,No,No,2,Yes,acquired
CA,39.78373,-100.445882,1/1/2008,0.6685,0.6685,1,2600000,search,No,No,No,No,No,No,1,No,closed
CA,37.782103,-122.401116,1/6/2005,1.3151,1.3151,1,15000000,web,No,No,Yes,No,No,No,1,Yes,acquired
NY,40.745064,-73.992637,6/1/2011,0.0822,1.8164,3,4000000,web,No,Yes,Yes,No,No,No,2,Yes,acquired
CA,37.680766,-122.399971,1/1/2006,0.9151,5.5452,2,73000000,biotech,Yes,No,No,Yes,No,No,3,Yes,acquired
NY,40.730646,-73.986614,3/1/2011,0.3233,1.0986,4,12123837,education,No,Yes,Yes,No,No,No,4.6667,Yes,acquired
WA,47.607065,-122.335373,12/1/2005,0.9178,2.4877,3,22400000,,Yes,No,Yes,Yes,No,No,3.3333,Yes,acquired
CA,37.779281,-122.419236,1/1/2009,1.2849,2.0082,2,5700000,,No,No,Yes,Yes,No,No,4,Yes,acquired
CA,39.78373,-100.445882,1/1/2002,4.5452,7.8603,2,28500000,,Yes,No,No,Yes,No,No,4.5,Yes,closed
MA,42.579258,-71.437841,1/1/2007,0.9151,2.0712,2,21000000,software,No,No,Yes,Yes,No,No,2.5,Yes,acquired
NC,35.780398,-78.639099,1/1/1984,21.8959,21.8959,1,8000000,software,Yes,No,No,No,No,No,2,No,closed
CA,37.41924,-122.208414,1/1/2008,0.2055,0.2055,1,1500000,games_video,No,No,Yes,No,No,No,1,Yes,closed
MA,42.3729,-71.248472,10/1/2006,,2.4603,3,28300000,advertising,No,No,Yes,Yes,Yes,No,1.6667,Yes,acquired
CA,37.441537,-122.158332,1/1/2008,,4.9726,5,7939553,web,Yes,No,No,Yes,No,No,2,Yes,acquired
CA,37.779281,-122.419236,1/1/2009,0.8329,0.8329,1,-545000,public_relations,No,Yes,No,No,No,No,2,Yes,closed
MA,42.558426,-71.268947,1/1/2001,4.7452,8.9562,3,15247925,semiconductor,No,No,No,No,Yes,Yes,1.5,Yes,acquired
NY,40.757929,-73.985506,1/1/2007,0.2466,,3,12800000,games_video,No,Yes,Yes,Yes,No,No,1.5,Yes,acquired
IL,41.875555,-87.624421,3/1/2010,1.063,,2,950000,mobile,Yes,No,Yes,No,No,No,3,Yes,closed
MA,42.479262,-71.152277,1/1/2000,2.9178,,2,16000000,web,No,No,Yes,Yes,No,No,1,Yes,acquired
CA,37.288326,-121.945633,1/1/2000,6.0055,,1,10000000,semiconductor,No,No,No,No,Yes,No,1,Yes,acquired
NY,40.730646,-73.986614,1/1/2011,0.7781,,1,1500000,fashion,No,No,No,No,No,No,1,No,acquired
CA,37.779281,-122.419236,1/1/2004,5.8438,,2,13000000,hardware,Yes,No,No,No,Yes,No,2,Yes,closed
NY,40.650104,-73.949582,1/1/2009,2.6411,,1,10000000,hardware,Yes,No,No,No,No,No,6,Yes,acquired
NY,42.712207,-73.203599,1/1/2008,2.0521,2.9973,2,3915000,advertising,Yes,No,Yes,No,No,No,3,Yes,acquired
NY,40.650104,-73.949582,8/1/2009,0,1.5041,2,1400000,travel,No,Yes,Yes,No,No,No,6,Yes,acquired
IL,41.8969173,-87.6435474,8/1/2012,0,0.6904,2,650000,ecommerce,Yes,Yes,No,No,No,No,1,Yes,closed
TX,30.268735,-97.745209,1/1/2007,0.4137,3.2438,3,9700000,games_video,Yes,No,Yes,No,No,No,1,Yes,closed
CA,37.336191,-121.890583,1/1/2003,3.1644,3.1644,1,15000000,software,No,No,No,No,No,Yes,3,Yes,acquired
CA,37.782714,-122.39358,1/1/2002,3.7753,10.2548,4,38764000,enterprise,Yes,No,Yes,Yes,No,No,2,Yes,acquired
CA,37.3987372,-122.0497918,11/1/2005,0.3288,6.4192,8,211403000,cleantech,Yes,No,Yes,Yes,Yes,No,2.7143,Yes,closed
CA,37.3965713,-122.0836937,1/1/2008,2.4767,2.6438,2,20750000,enterprise,No,No,Yes,Yes,No,No,2,Yes,acquired
CA,37.779281,-122.419236,6/1/2009,1.2493,1.8849,2,1020000,social,No,Yes,Yes,No,No,No,2.5,Yes,acquired
TX,30.271129,-97.743699,1/1/2007,0.4301,0.4301,1,13000000,software,No,No,Yes,No,No,No,4,Yes,closed
NY,40.738567,-73.987199,11/1/2007,0.1671,3.9178,2,14700000,software,No,Yes,Yes,No,No,No,4,Yes,acquired
CA,37.4233896,-122.0899512,1/1/2005,1.1616,4.1644,4,33000000,mobile,No,No,Yes,Yes,Yes,Yes,1.3333,Yes,acquired
CA,37.404788,-121.940842,1/1/2005,5.4767,5.4767,1,30000000,medical,No,No,No,No,Yes,No,6,Yes,acquired
TX,32.959908,-96.70737,8/6/2006,0.2384,3.7644,4,33000000,software,No,No,Yes,Yes,Yes,No,4,Yes,closed
DC,38.894955,-77.036646,12/15/2011,-0.5014,-0.5014,1,150000,social,No,Yes,No,No,No,No,1,No,closed
MA,42.37564,-71.2358,3/1/2010,0.1671,0.1671,1,163,advertising,No,Yes,No,No,No,No,1,No,closed
CA,37.54827,-121.988572,1/1/2008,3.7589,5.0685,3,30926154,medical,No,No,No,Yes,No,No,,Yes,closed
CA,37.288326,-121.945633,8/16/2010,0.8164,0.8164,1,2000000,advertising,No,No,No,No,No,No,1,No,closed
MA,42.504817,-71.195611,1/1/2003,4.5397,9.337,2,19000000,software,Yes,No,No,Yes,No,No,3.5,Yes,closed
CA,37.779281,-122.419236,1/1/2002,3.0356,6.7534,3,33000000,advertising,No,No,Yes,Yes,Yes,No,4,Yes,closed
GA,33.982967,-84.346041,1/1/2002,4.3562,6.3151,3,15650000,cleantech,Yes,No,No,No,No,No,1.3333,Yes,acquired
CA,37.779281,-122.419236,12/1/2000,6.3342,7.5342,3,17400000,web,No,No,Yes,Yes,No,No,2.3333,Yes,acquired
CA,34.102827,-118.32999,10/1/2010,0.8329,0.8329,1,154000,real_estate,No,Yes,No,No,No,No,1,No,closed
CA,34.054935,-118.244476,1/1/2004,4.8082,4.8082,1,35000000,web,No,No,No,No,No,Yes,3,Yes,closed
VA,38.916336,-77.230488,1/1/2008,0.5836,4.4301,4,7516703,mobile,Yes,Yes,No,No,No,No,1,No,closed
TX,30.409765,-97.75101,1/1/2008,2.6247,2.6247,1,48000000,cleantech,Yes,No,No,No,No,No,5,Yes,closed
CA,37.2690782,-121.9559995,1/1/2000,5.4219,8.3014,3,65800000,network_hosting,Yes,No,No,No,No,Yes,4.6667,Yes,acquired
NJ,40.477604,-74.626824,8/1/2012,0.6767,0.789,2,125000,analytics,No,Yes,No,No,No,No,1,No,closed
VA,39.050108,-77.40082,11/1/2006,0.5808,0.5808,1,750000,search,No,Yes,No,No,No,No,2,Yes,acquired
GA,33.749099,-84.390185,1/1/2009,2.4384,2.4384,1,17000000,enterprise,Yes,No,No,No,No,No,5,Yes,acquired
CA,37.548415,-122.315636,5/1/1999,10.4247,13.0877,3,4087500,enterprise,Yes,Yes,No,No,No,No,1,No,closed
CA,34.491118,-119.808096,1/1/1995,10.8795,10.8795,1,1000000,hardware,No,No,Yes,No,No,No,2,Yes,closed
TX,30.280148,-97.749908,2/8/2007,-0.1041,6.3644,5,23500000,health,Yes,No,Yes,Yes,Yes,No,1.75,Yes,acquired
CA,37.7776778,-122.3921102,8/29/2007,0,0,1,990000,,No,No,Yes,No,No,No,2,No,closed
AZ,33.426418,-111.9396,4/1/2007,0.7534,0.7534,1,1000000,advertising,No,No,Yes,No,No,No,3,Yes,acquired
MA,42.364367,-71.078978,1/1/2006,0.6658,5.1315,4,41000000,health,Yes,No,Yes,Yes,Yes,No,1.75,Yes,acquired
OR,45.3774456,-122.7569561,1/1/2008,0.3699,0.3699,1,7000000,semiconductor,No,No,Yes,No,No,No,1,Yes,closed
MA,42.3624253,-71.116031,1/1/2008,0.8301,2.0767,2,55000000,biotech,No,No,Yes,Yes,No,No,2,Yes,acquired
CA,37.785053,-122.287295,10/1/2007,3.7452,4.9671,2,69000000,software,No,No,Yes,Yes,No,No,3.5,Yes,acquired
CA,37.421692,-121.894156,1/1/2006,1.3288,7.0795,8,129677153,enterprise,Yes,No,Yes,Yes,Yes,Yes,3,Yes,acquired
CA,37.502169,-122.217727,1/1/2006,2.5041,7.2521,6,232000100,biotech,No,No,Yes,No,Yes,Yes,3.6667,Yes,acquired
CA,37.388869,-122.072353,8/1/2009,,1.5863,2,5700000,enterprise,No,Yes,Yes,No,No,No,4,Yes,acquired
MA,42.276316,-71.419229,1/1/2002,,5.6384,1,10500000,security,No,No,No,No,No,Yes,4,Yes,acquired
NY,41.019264,-73.683462,10/1/2004,1.9699,3.9205,2,23000000,ecommerce,Yes,No,No,No,No,No,3,Yes,closed
WA,47.676378,-122.122155,8/28/2000,5.4329,9.4959,3,14000000,photo_video,No,No,Yes,Yes,No,No,3,Yes,acquired
CA,37.536402,-122.325129,1/1/2005,1.6466,1.6466,2,7500000,software,No,Yes,Yes,No,No,No,2,Yes,acquired
NY,40.650104,-73.949582,1/1/2009,0.8986,0.8986,1,1420000,social,No,No,Yes,No,No,No,16,Yes,acquired
WA,47.6257402,-122.3581623,9/1/2008,0.1589,2.4274,2,9000000,ecommerce,Yes,No,Yes,No,No,No,1,Yes,closed
PA,40.245664,-74.845997,1/1/2009,0.7644,0.7644,1,500000,games_video,Yes,No,No,No,No,No,1,Yes,closed
CA,37.388869,-122.072353,1/10/2012,0.0356,0.726,2,70000,news,No,Yes,No,No,No,No,1,Yes,acquired
CA,33.09568,-117.244034,10/1/2006,0.5808,,2,850000,ecommerce,No,Yes,Yes,No,No,No,1,Yes,closed
CA,34.019657,-118.487549,1/1/2008,3.8767,,1,15000000,enterprise,Yes,No,No,No,No,No,1,Yes,acquired
CA,37.788266,-122.403865,8/1/2007,0.5205,1.0959,2,3150000,web,No,Yes,Yes,No,No,No,11.5,Yes,acquired
CA,37.779281,-122.419236,1/1/2011,1.2164,1.2164,1,5500000,ecommerce,No,No,Yes,No,No,No,8,Yes,closed
CA,38.021489,-122.519998,1/1/2009,4.8877,4.8877,1,10571182,cleantech,No,No,Yes,No,No,No,1,No,acquired
CA,34.102827,-118.32999,1/1/2010,0.5808,0.5808,1,500000,real_estate,No,Yes,No,No,No,No,1,No,closed
CA,37.872222,-122.268403,6/1/2005,0.9233,4.7425,7,24900000,music,Yes,Yes,Yes,No,No,No,3,Yes,acquired
CA,34.147645,-118.144478,9/1/2007,1.7616,2.326,2,3529175,web,Yes,No,Yes,No,No,No,1,No,closed
NY,40.7418877,-74.0047466,3/1/2008,0,4.6164,4,23400000,travel,No,No,Yes,Yes,Yes,No,2.25,Yes,acquired
CA,37.4155698,-121.9486567,1/1/2002,7.4027,7.4027,1,8800000,security,No,No,No,No,No,Yes,5,Yes,acquired
NY,40.728425,-73.999882,2/1/2010,0,0,1,1500000,fashion,No,No,No,No,No,No,6,Yes,closed
CA,32.988247,-117.080769,1/1/2000,4.8603,9.4247,7,74000000,semiconductor,Yes,No,No,No,Yes,Yes,2,Yes,closed
OR,45.520247,-122.674195,1/1/2000,1.4164,2,3,8800000,network_hosting,No,No,Yes,Yes,No,No,1,No,acquired
CA,37.775228,-122.39963,1/1/2001,2.5808,4.6082,2,7100000,web,No,Yes,Yes,No,No,No,1.5,Yes,acquired
MA,42.3751,-71.105616,5/3/2006,1.3315,2.9973,3,3500000,ecommerce,Yes,Yes,Yes,No,No,No,1.6667,Yes,acquired
CA,37.36883,-122.03635,11/25/2009,1.589,1.589,1,3000000,software,No,No,Yes,No,No,No,2,Yes,acquired
NY,42.961748,-78.870914,3/1/2011,0.1288,0.274,2,11000,web,No,Yes,No,No,No,No,1,No,closed
CA,33.553278,-117.6779,1/1/2001,6.5452,8.6,3,26200000,semiconductor,Yes,No,No,No,Yes,No,2.5,Yes,acquired
CA,37.398022,-122.049143,12/6/2004,1.326,2.7096,2,29000000,software,No,No,No,Yes,Yes,No,2.5,Yes,acquired
CA,37.400945,-122.111318,1/1/2004,4.8438,4.8438,1,10000000,software,No,No,No,Yes,No,No,2,No,closed
CA,32.833501,-117.26162,10/4/2010,0.8521,0.8521,1,500000,web,No,Yes,No,No,No,No,3,Yes,closed
CA,37.487259,-122.232217,1/1/2008,0.0849,1.8384,3,11500000,enterprise,No,Yes,Yes,Yes,No,No,1.5,Yes,acquired
TX,30.2734822,-97.7588828,7/14/2009,1.1699,3.8932,5,5350000,enterprise,No,Yes,Yes,No,No,No,3,Yes,acquired
CA,37.787126,-122.39783,2/1/2006,0.6658,3.989,3,11015719,mobile,Yes,No,Yes,No,No,No,2,Yes,closed
CA,37.779281,-122.419236,5/1/2009,0.5288,1.0466,3,9807367,advertising,No,Yes,Yes,No,No,No,8.6667,Yes,acquired
CA,37.779281,-122.419236,7/1/2010,-0.4959,0.6301,2,2535000,web,No,Yes,Yes,No,No,No,5,Yes,acquired
TX,32.958634,-96.823641,1/1/2002,5.4658,8.9534,3,19000000,enterprise,Yes,No,No,Yes,Yes,No,5.3333,Yes,acquired
CA,37.388869,-122.072353,2/1/2010,0,2.7644,3,475000,travel,No,Yes,No,No,No,No,4,No,acquired
NY,40.730646,-73.986614,1/1/2003,5.7671,7.863,2,36000000,,Yes,No,No,Yes,No,No,1,Yes,acquired
CA,37.662431,-121.874679,1/1/2002,3.1671,3.1671,1,12000000,games_video,No,No,No,No,Yes,No,5,Yes,acquired
CA,39.78373,-100.445882,1/1/2009,0.4,3.7589,4,122000000,biotech,No,No,Yes,Yes,Yes,Yes,2.5,Yes,acquired
NY,40.730646,-73.986614,6/1/2012,0.0795,0.0795,1,1750000,news,No,No,No,No,No,No,5,Yes,acquired
NY,40.729839,-73.991781,8/10/2009,0.5562,0.5562,1,130000,web,No,Yes,No,No,No,No,1,No,acquired
OH,41.505161,-81.693445,1/1/1999,7.9178,10.9041,3,13222860,other,Yes,No,No,No,No,No,3,Yes,closed
IN,39.914281,-86.076478,1/1/2005,4.1315,6.1507,2,2192000,public_relations,Yes,No,No,Yes,No,No,3,No,closed
MA,42.3751,-71.105616,1/1/2005,5.1452,5.1452,1,2000000,web,Yes,No,No,No,No,No,1,Yes,acquired
CA,37.5455355,-122.3208802,1/1/2005,,4.9589,2,9400000,analytics,No,No,Yes,No,No,No,2,Yes,acquired
CA,37.431091,-122.099263,1/1/2003,,7.2274,4,13045000,semiconductor,No,No,Yes,Yes,No,No,2,Yes,acquired
CA,25.752358,-80.25468,1/1/2006,0.1753,4.0986,4,10000000,web,No,No,Yes,Yes,Yes,No,1.25,Yes,acquired
CA,37.558245,-122.302654,1/1/2007,1.4247,1.4247,1,6000000,advertising,No,No,No,Yes,No,No,2,Yes,acquired
PA,40.039353,-76.307448,1/1/2006,2,3.5562,2,2100000,mobile,Yes,Yes,No,No,No,No,2,No,closed
WA,39.78373,-100.445882,12/1/2009,0.4192,0.8877,2,3250000,travel,Yes,No,Yes,No,No,No,1,Yes,acquired
CA,37.3969138,-121.8939054,1/1/2000,6.5726,7.1562,3,148000000,hardware,Yes,No,No,Yes,No,No,3.5,Yes,closed
CA,34.185043,-118.878852,1/1/2000,3.9178,9.3014,2,24500000,hardware,Yes,No,Yes,No,No,No,2,Yes,acquired
UT,40.233844,-111.658534,4/8/2009,-0.0192,0.8959,2,72000,enterprise,No,Yes,No,No,No,No,1,No,closed
CA,37.416597,-122.154064,1/1/2001,6.6027,6.6027,1,10360000,other,No,No,No,No,Yes,No,5,Yes,closed
NY,40.775309,-73.983656,7/8/2008,0.0192,1.5699,3,1310000,software,No,Yes,No,No,No,No,6,Yes,acquired
NY,40.759089,-73.987573,2/12/2010,-0.1151,-0.1151,1,150000,games_video,No,Yes,No,No,No,No,1,No,closed
CA,37.229676,-121.971225,1/1/2003,3.0877,9.3178,3,642310000000,semiconductor,Yes,No,No,Yes,Yes,No,3.3333,Yes,acquired
OH,39.96226,-83.000706,5/1/2010,0,0,1,250000,ecommerce,No,Yes,No,No,No,No,1,No,closed
CA,34.144926,-118.149767,1/1/2008,-0.2521,2.0877,3,1830000,health,No,Yes,Yes,No,No,No,2,No,acquired
OR,39.78373,-100.445882,8/1/2010,0.4192,1.0247,2,9800000,enterprise,No,No,Yes,Yes,No,No,4.5,Yes,acquired
CA,38.904549,-77.061767,5/4/2005,1.8247,1.8247,1,2300000,web,No,No,Yes,No,No,No,1,No,acquired
WA,47.682233,-122.135521,3/1/2005,2.4192,3.0904,2,1310000,web,No,Yes,No,No,No,No,1,No,closed
CA,37.781557,-122.407959,4/1/2007,0.0822,0.8384,2,4500000,games_video,No,Yes,No,Yes,No,No,5.5,Yes,closed
CA,37.571318,-122.267962,1/1/2003,2.1616,5.7315,3,22000000,software,No,No,Yes,Yes,Yes,No,2.6667,Yes,acquired
CA,37.775196,-122.419204,1/1/2007,0.6658,,3,10000000,advertising,No,Yes,Yes,Yes,No,No,2.6667,Yes,acquired
NY,40.730646,-73.986614,3/1/2009,0.8904,,4,36500000,ecommerce,No,No,Yes,Yes,Yes,No,1.5,Yes,acquired
CO,47.601803,-122.332085,6/1/2003,1.7507,9.9589,7,33672656,web,Yes,No,Yes,Yes,No,No,2,Yes,acquired
CA,37.320309,-122.05004,1/1/2009,0.8603,2.926,3,19000000,enterprise,No,No,Yes,Yes,No,No,2,Yes,acquired
CA,37.36883,-122.03635,1/1/2002,3.4685,3.4685,1,30000000,semiconductor,No,No,No,Yes,No,No,4,Yes,acquired
CA,37.388869,-122.072353,3/19/2009,1.5151,2.937,2,2250000,web,Yes,No,No,No,No,No,8.5,Yes,acquired
CA,34.1086325,-118.0215818,1/1/2000,5.8658,9.9644,6,53818873,hardware,Yes,No,No,No,Yes,No,4.25,Yes,acquired
CA,37.553743,-122.300246,2/1/2004,2.6658,2.6658,1,5500000,web,No,No,Yes,No,No,No,1,Yes,closed
WA,47.578174,-122.212731,12/1/2006,1.9973,1.9973,1,6000000,network_hosting,No,No,Yes,No,No,No,1,Yes,acquired
CA,39.78373,-100.445882,1/1/2006,1.4959,1.6658,2,30150000,advertising,No,No,Yes,Yes,No,No,1.5,Yes,closed
CA,37.674559,-122.385658,1/1/2002,3.7863,5.5123,2,83000000,biotech,Yes,No,No,No,No,No,1,No,acquired
NY,40.737216,-73.990947,1/1/2006,1,2.7096,2,12000000,games_video,No,No,Yes,Yes,No,No,1,No,closed
CA,37.36883,-122.03635,1/1/2008,0.1644,1.4986,2,3500000,software,No,Yes,Yes,No,No,No,1,No,acquired
CA,37.433414,-122.128772,1/1/2006,1.4301,1.4301,1,4000000,software,No,No,Yes,No,No,No,4,Yes,acquired
CA,33.87751,-117.727046,1/1/2009,2.4521,3.6027,2,4000000,manufacturing,No,No,Yes,No,No,No,1,Yes,closed
CA,37.409618,-122.017792,1/1/2000,5.8274,7.7151,2,25000000,software,Yes,No,No,No,No,No,4.5,Yes,acquired
NY,40.73901,-73.997259,8/1/2007,0.8356,3.7616,3,1420698,mobile,Yes,Yes,No,No,No,No,2,Yes,acquired
CA,37.2496346,-121.9665932,10/1/2001,1.6219,5.3315,2,10000000,semiconductor,Yes,No,Yes,No,No,No,3,Yes,acquired
CA,37.441537,-122.158332,1/1/2007,1.1644,,3,67000000,transportation,No,No,Yes,Yes,Yes,No,2.6667,Yes,acquired
CA,37.5068854,-122.2475729,7/1/2005,0.337,,4,53000000,analytics,No,Yes,Yes,Yes,Yes,No,4.5,Yes,acquired
CA,34.050451,-118.437775,5/1/2010,0.4658,,2,300000,games_video,No,Yes,No,Yes,No,No,2,Yes,closed
CA,37.441537,-122.158332,1/1/2002,5.6685,,3,1400000,software,No,Yes,No,No,No,No,1,No,acquired
CA,37.7617955,-122.4092704,1/1/2004,2.9178,4.2548,2,6500000,web,No,No,Yes,No,No,No,7,Yes,acquired
CA,37.792871,-122.400747,11/1/2008,1.2795,1.2795,1,5000000,cleantech,No,No,Yes,No,No,No,1,Yes,acquired
WA,39.78373,-100.445882,1/1/2007,2.9342,5.5342,2,9600000,enterprise,No,No,Yes,No,No,No,3,Yes,acquired
WA,47.631239,-122.16806,2/1/2000,,7.4164,5,58200000,mobile,No,No,Yes,Yes,Yes,Yes,1.4,Yes,acquired
MA,42.49739,-71.416794,1/1/2006,,3.7479,3,280000000000,network_hosting,No,No,Yes,Yes,Yes,No,2.6667,Yes,acquired
TX,33.017317,-96.837682,1/1/2005,,5.2301,2,30000000,network_hosting,Yes,No,No,No,No,No,1,No,acquired
CA,34.007967,-118.489681,1/1/2007,,2.1644,2,3500000,games_video,No,Yes,Yes,No,No,No,2,No,acquired
MA,42.337037,-71.251748,1/1/2008,,0.0849,1,16700000,web,No,No,Yes,No,No,No,4,No,closed
AZ,33.414414,-111.909447,1/1/1996,11.1452,11.1452,1,18000000,semiconductor,No,No,No,Yes,No,No,7,Yes,closed
CA,37.36883,-122.03635,1/1/2003,7.537,7.537,1,15000000,medical,No,No,No,No,No,Yes,6,Yes,acquired
CA,37.3767076,-121.997483,1/1/2004,3.9178,3.9178,2,12000000,,No,No,Yes,Yes,No,No,4,Yes,closed
OH,41.678675,-83.512728,9/19/2009,1.2849,1.2849,1,15000,,No,Yes,No,No,No,No,,No,closed
WA,47.603832,-122.330062,11/16/2009,1.3096,1.3096,1,200000,news,Yes,No,No,No,No,No,,No,acquired
CA,33.158093,-117.350597,1/1/2003,4.0274,4.0274,1,15000000,semiconductor,No,No,No,No,Yes,No,,No,closed
CA,37.779281,-122.419236,10/9/2009,-0.0822,1.2301,2,1400000,enterprise,No,Yes,No,No,No,No,,No,acquired
NY,40.707645,-74.010816,1/1/2006,-0.8658,6.1233,4,11400000,enterprise,Yes,No,No,Yes,No,No,3,Yes,closed
CA,37.4815098,-121.9453283,1/1/2008,0.7562,4.4137,4,34250000,cleantech,Yes,No,Yes,Yes,Yes,No,2.25,Yes,acquired
TX,30.269004,-97.740395,1/1/2008,0,2.7205,4,3800000,messaging,No,Yes,Yes,No,No,No,4.75,Yes,acquired
CA,37.555962,-122.288006,1/1/2003,4.4521,6.1151,2,10100000,software,Yes,No,No,No,Yes,No,3,Yes,acquired
CA,37.354469,-121.990433,1/1/2003,4.0795,4.0795,1,4000000,software,No,No,No,Yes,No,No,6,Yes,closed
CA,37.552262,-122.292146,1/1/2008,1.9562,1.9562,1,3011408,software,No,No,No,Yes,No,No,1,Yes,acquired
CA,37.551882,-122.313472,1/1/1998,9.7315,9.7315,1,8000000,software,Yes,No,No,No,No,No,3,Yes,closed
CA,37.566009,-122.321646,7/1/2010,0,2.8795,2,12700000,analytics,No,No,Yes,No,No,No,1.5,Yes,acquired
CA,33.831671,-118.315766,9/1/2007,0,0,1,300000,public_relations,No,Yes,No,No,No,No,2,No,closed
CA,37.755068,-122.418026,2/5/2013,0,0,1,5675000,web,Yes,No,No,No,No,No,4,Yes,acquired
CA,33.6156634,-111.8931647,8/1/2008,4.0877,4.0877,1,1000000,advertising,No,Yes,No,No,No,No,5,Yes,acquired
FL,28.66677,-81.392794,9/1/2008,0,0,1,125000,enterprise,No,Yes,No,No,No,No,1,No,closed
CT,39.364504,-84.247556,1/1/2010,0.2247,0.9534,2,700000,web,No,Yes,No,No,No,No,2.5,No,closed
WA,47.603832,-122.330062,8/1/2010,0.2521,0.6438,2,532000,enterprise,No,Yes,No,No,No,No,5,Yes,acquired
CA,37.445326,-122.160671,7/15/2005,,2.2137,2,8500000,web,No,No,Yes,Yes,No,No,1,Yes,acquired
WA,47.602416,-122.332614,1/1/2003,,3.5699,1,9400000,network_hosting,No,No,No,Yes,No,No,1,Yes,acquired
RI,41.818712,-71.411775,1/1/2010,,2.2493,2,350000,mobile,No,Yes,No,No,No,No,1,Yes,closed
NY,40.643438,-73.886452,4/1/2006,1.1671,3.211,2,12300000,enterprise,No,No,No,Yes,Yes,No,1.5,Yes,acquired
MA,42.599814,-71.367284,1/1/2006,1.5753,5.9589,5,25413298,network_hosting,Yes,No,Yes,Yes,No,No,3,Yes,acquired
CA,37.779281,-122.419236,5/1/2010,0.4329,1.126,2,9800000,news,No,Yes,Yes,No,No,No,4.5,Yes,acquired
CA,37.779281,-122.419236,5/1/2010,-0.3288,0.337,2,1015000,games_video,No,Yes,No,No,No,No,5,Yes,closed
CO,40.011355,-105.274166,1/1/2009,0,3.4712,5,10000003,enterprise,Yes,No,Yes,Yes,No,No,1.5,Yes,acquired
IL,41.916619,-87.686634,6/8/2007,0.7699,2.8548,2,1750000,travel,Yes,Yes,No,No,No,No,1,Yes,acquired
CA,37.779281,-122.419236,9/1/2009,0.9397,0.9397,1,100000,messaging,No,Yes,No,No,No,No,3,Yes,acquired
CA,37.441537,-122.158332,1/1/2011,1.926,1.926,1,12000000,software,Yes,No,No,No,No,No,2,Yes,acquired
NY,40.730646,-73.986614,5/1/2010,0.3178,0.6795,2,11450000,messaging,No,Yes,No,Yes,No,No,8.5,Yes,acquired
CA,37.7611016,-122.4160008,12/1/2007,0.6685,0.6685,1,500211200,advertising,No,Yes,No,No,No,No,3,No,closed
CA,37.381876,-121.95993,1/1/2006,2.5808,2.5808,1,20000000,software,No,No,No,Yes,No,No,4,Yes,closed
TX,30.265927,-97.783642,1/1/2003,2.9671,3.7151,2,42500000,public_relations,No,No,No,No,Yes,Yes,5.5,Yes,acquired
CA,33.916552,-118.397491,1/1/2006,0,2.3479,3,22487000,semiconductor,Yes,No,No,Yes,Yes,No,2.3333,Yes,acquired
CA,37.5568425,-122.2884881,1/1/2007,2.5342,2.5342,1,7800000,software,Yes,No,No,No,No,No,2,Yes,acquired
NJ,40.707045,-74.956003,1/1/2001,3.9726,10.2493,4,59000000,semiconductor,No,No,No,Yes,Yes,No,6,Yes,acquired
ID,43.493525,-112.040092,10/1/2008,2.337,2.337,1,4000000,mobile,No,No,Yes,No,No,No,1,Yes,closed
CA,32.901049,-117.192656,8/2/2008,1.5452,4.5178,4,71400000,cleantech,Yes,No,Yes,No,No,No,2.6667,Yes,acquired
CA,37.779281,-122.419236,1/1/2008,0.7918,4.3205,3,25500000,cleantech,No,No,Yes,Yes,No,No,2.6667,Yes,acquired
CA,39.78373,-100.445882,1/1/2005,5.8603,7.6986,4,28932322,advertising,Yes,No,No,No,Yes,No,2.6667,Yes,acquired
CA,37.775196,-122.419204,1/15/2007,0.9616,5.7151,6,35200000,analytics,Yes,No,Yes,Yes,Yes,No,2.3333,Yes,acquired
MA,42.504817,-71.195611,1/1/2000,5.2027,8.1178,2,10000000,public_relations,Yes,No,No,No,Yes,No,2.5,Yes,closed
CA,37.4280877,-122.143368,1/8/2008,0.7178,3.7068,3,22100000,analytics,Yes,No,Yes,Yes,No,No,2.6667,Yes,acquired
MA,42.485093,-71.43284,1/1/2001,3.0521,9.4767,5,33000000,mobile,Yes,No,No,Yes,Yes,Yes,2,Yes,acquired
CA,37.400115,-122.052208,1/1/2001,6.2986,6.2986,1,15000000,biotech,No,No,No,No,No,No,3,Yes,acquired
CA,37.2624049,-121.9577052,1/1/2000,6.937,9.1589,3,13000000,mobile,No,No,No,No,No,Yes,3,Yes,acquired
CA,37.293687,-121.934573,1/1/2004,1.9671,3.1945,2,12800000,mobile,No,No,Yes,Yes,No,No,2.5,Yes,acquired
NY,40.73901,-73.997259,11/1/2007,0.1671,3.7808,2,626096,mobile,Yes,No,Yes,No,No,No,1,Yes,closed
MA,42.3751,-71.105616,6/1/2008,-0.1671,3.6493,4,20350000,analytics,No,Yes,Yes,Yes,No,No,3.75,Yes,acquired
CA,37.404788,-121.940842,1/1/2004,5.7836,5.7836,1,10000000,hardware,Yes,No,No,No,No,No,3,Yes,closed
CA,37.4210225,-122.1377411,1/1/2011,0.5671,0.5671,1,425000,web,No,Yes,No,No,No,No,2,Yes,acquired
CA,35.966068,-115.118671,1/1/2003,5.3644,7.9781,3,37891054,semiconductor,Yes,No,No,Yes,Yes,No,3,Yes,acquired
CA,32.833501,-117.26162,1/1/2004,1.0877,7.7616,5,40000000,mobile,Yes,No,Yes,Yes,Yes,No,4,Yes,acquired
CA,34.048857,-118.251343,9/1/2007,0.7014,,3,5550000,games_video,No,No,Yes,Yes,No,No,3,Yes,acquired
CA,37.7869983,-122.400893,1/1/2010,0.5808,0.5808,1,770000,mobile,No,Yes,No,No,No,No,6,Yes,acquired
TX,32.960431,-96.83026,9/1/2006,0.1068,4.7342,4,19550000,consulting,Yes,No,Yes,No,No,No,1,Yes,closed
CA,40.730646,-73.986614,10/1/2007,1.4795,2.2521,2,4000000,web,Yes,No,No,No,No,No,1,No,acquired
VA,38.92719,-77.216969,3/1/2004,1.0849,5.8192,4,42000000,web,No,No,Yes,Yes,Yes,No,2.3333,Yes,acquired
CO,39.6350086,-106.5213459,1/1/2005,3.6548,3.6548,1,1900000,other,No,No,Yes,No,No,No,1,Yes,closed
CA,33.570171,-117.710676,11/1/2008,1.1781,2.7151,3,45039999,games_video,No,No,Yes,Yes,Yes,No,3.6667,Yes,acquired
CA,37.779281,-122.419236,1/1/2006,4.5315,4.5315,1,1310000,news,Yes,No,No,No,No,No,4,Yes,closed
OR,45.520247,-122.674195,1/1/2001,7.0027,7.0027,1,3000000,hardware,No,No,Yes,No,No,No,3,No,acquired
CA,37.504764,-122.259568,1/1/2008,0,3.4548,4,36000000,software,No,No,Yes,Yes,Yes,Yes,3,Yes,acquired
CA,37.445586,-122.161929,5/1/2010,0.1644,0.1644,1,3000000,software,Yes,No,No,No,No,No,1,No,acquired
CA,37.7710177,-122.4025976,6/1/2007,0.6685,0.6685,1,1300000,web,No,Yes,No,No,No,No,8,Yes,closed
AR,34.748528,-92.287158,1/1/1997,9.7534,9.7534,1,50000,software,Yes,No,No,No,No,No,1,No,closed
NY,40.74406,-74.004592,2/1/2006,6.2849,6.2849,1,6500000,web,No,No,Yes,No,No,No,8,Yes,acquired
MA,42.3751,-71.105616,1/1/2011,0.6822,1.3096,2,4600000,advertising,No,Yes,Yes,No,No,No,9,Yes,acquired
MA,42.391389,-71.270987,1/1/2005,2.1233,6.0192,3,21900000,software,Yes,No,Yes,Yes,No,No,1.6667,Yes,acquired
NY,40.730646,-73.986614,6/5/2008,0.4904,0.4904,1,240000,,No,Yes,No,No,No,No,2,Yes,acquired
CA,32.9388917,-117.2398594,1/1/2005,0,5.3014,4,34700000,,Yes,No,Yes,Yes,No,No,2.25,Yes,acquired
IL,41.808458,-88.073008,5/10/2004,21.2274,25.8712,4,33000000,software,Yes,No,Yes,Yes,Yes,No,5.3333,Yes,acquired
NY,40.7908157,-73.9722939,9/1/2010,1.3014,2.4685,2,1800000,education,Yes,Yes,No,No,No,No,5,Yes,closed
CO,40.01621,-105.28131,1/1/2006,0,3.6548,3,27300000,advertising,No,No,Yes,Yes,Yes,No,3,Yes,acquired
CA,37.440682,-122.123103,1/1/2007,3.1342,5.2521,2,6760000,web,Yes,No,No,No,No,No,1.5,Yes,closed
CA,37.31679,-122.05079,1/1/2000,0,6.4986,3,26914000,software,No,No,Yes,Yes,Yes,No,6,Yes,acquired
CA,37.354469,-121.990433,1/1/2002,3.7562,3.7562,1,27500000,semiconductor,No,No,No,No,Yes,No,7,Yes,acquired
TX,29.758938,-95.367697,1/1/2003,,4.2795,1,9000000,other,No,No,No,No,No,Yes,2,Yes,closed
CA,37.336191,-121.890583,1/1/2006,4.0356,4.0356,1,954000,public_relations,Yes,No,No,No,No,No,1,No,closed
CA,59.3352318,18.0571206,1/1/2000,5.3041,8.6247,3,53000000,semiconductor,No,No,No,No,Yes,Yes,4.6667,Yes,acquired
CA,37.563585,-122.324621,1/1/2004,2.3315,6.6767,4,23100000,social,Yes,No,Yes,Yes,Yes,No,2,Yes,acquired
CA,37.782809,-122.394354,1/1/2006,1,6.4548,4,108900088000,cleantech,No,No,Yes,Yes,Yes,No,7.5,Yes,acquired
CA,37.3867729,-122.0752224,1/1/2005,0.8329,3.937,4,55000000,web,No,No,Yes,Yes,Yes,Yes,2.75,Yes,acquired
NY,40.729839,-73.991781,4/1/2009,1.0822,2.8548,2,5686383,mobile,No,No,Yes,No,No,No,2,No,acquired
CA,37.658713,-122.399382,1/1/2004,4.4466,8.0849,6,49008830,biotech,Yes,No,Yes,No,Yes,No,3,Yes,closed
CA,37.780134,-122.396744,4/22/2005,,3.5479,3,32200000,mobile,No,No,Yes,Yes,Yes,No,4,Yes,acquired
TX,29.739322,-95.444747,10/1/2006,1.2904,,1,2000000,web,No,No,Yes,No,No,No,1,No,closed
NY,40.750519,-73.993494,1/1/2007,3.2137,3.2137,1,2700000,games_video,No,No,Yes,No,No,No,,Yes,acquired
WI,43.090756,-89.522805,12/3/2004,5.1315,5.1315,1,2000000,advertising,No,No,Yes,No,No,No,2,No,closed
NY,40.7429533,-73.9844611,9/6/2006,0,3.9288,3,18000000,advertising,Yes,No,Yes,Yes,No,No,2.3333,Yes,acquired
WA,47.802184,-122.196307,1/1/2000,5.6301,8.7589,5,122500000,mobile,Yes,No,No,No,Yes,Yes,5.6,Yes,acquired
CA,37.7405936,-122.3764714,1/1/2009,0.5178,0.5178,1,1100000,advertising,No,No,Yes,No,No,No,6,Yes,acquired
MA,42.504817,-71.195611,1/1/1998,7.2521,,3,52000000,security,Yes,No,No,Yes,No,No,2.6667,Yes,closed
CA,37.408261,-122.01592,1/1/1999,8.4959,8.4959,1,44000000,,No,No,No,No,No,Yes,8,Yes,closed
CA,37.556732,-122.288378,1/1/2009,0.7589,2.8329,2,15500000,software,No,No,Yes,Yes,No,No,1,Yes,acquired
CA,37.386778,-121.966277,1/1/2003,3.1205,3.1205,1,20000000,security,No,No,No,Yes,No,No,3,Yes,acquired
CA,37.7870842,-122.4038047,5/1/2006,0.6712,6.2329,6,34700000,,Yes,Yes,Yes,Yes,Yes,Yes,5,Yes,acquired
CA,37.441537,-122.158332,1/1/2004,1.1863,3.4986,2,12050000,,Yes,No,Yes,No,No,No,2,Yes,closed
MA,42.391389,-71.270987,1/1/2005,2.1233,6.0192,3,21900000,software,Yes,No,Yes,Yes,No,No,1.6667,Yes,acquired
CA,37.566009,-122.321646,7/1/2010,0,2.8795,2,12700000,analytics,No,No,Yes,No,No,No,1.5,Yes,acquired
CA,33.831671,-118.315766,9/1/2007,0,0,1,300000,public_relations,No,Yes,No,No,No,No,2,No,closed
CA,37.755068,-122.418026,2/5/2013,0,0,1,5675000,web,Yes,No,No,No,No,No,4,Yes,acquired
CA,33.6156634,-111.8931647,8/1/2008,4.0877,4.0877,1,1000000,advertising,No,Yes,No,No,No,No,5,Yes,acquired
FL,28.66677,-81.392794,9/1/2008,0,0,1,125000,enterprise,No,Yes,No,No,No,No,1,No,closed
CT,39.364504,-84.247556,1/1/2010,0.2247,0.9534,2,700000,web,No,Yes,No,No,No,No,2.5,No,closed
WA,47.603832,-122.330062,8/1/2010,0.2521,0.6438,2,532000,enterprise,No,Yes,No,No,No,No,5,Yes,acquired
CA,37.445326,-122.160671,7/15/2005,,2.2137,2,8500000,web,No,No,Yes,Yes,No,No,1,Yes,acquired
WA,47.602416,-122.332614,1/1/2003,,3.5699,1,9400000,network_hosting,No,No,No,Yes,No,No,1,Yes,acquired
RI,41.818712,-71.411775,1/1/2010,,2.2493,2,350000,mobile,No,Yes,No,No,No,No,1,Yes,closed
NY,40.643438,-73.886452,4/1/2006,1.1671,3.211,2,12300000,enterprise,No,No,No,Yes,Yes,No,1.5,Yes,acquired
MN,44.96659,-93.331943,1/1/2006,1,2,2,18400000,enterprise,Yes,No,No,No,No,No,1,No,closed
NC,35.7259177,-79.1791771,1/1/1997,8.0219,14.9726,7,162264126,biotech,Yes,No,No,Yes,Yes,Yes,6.75,Yes,closed
MA,42.3751,-71.105616,1/1/2003,7.4575,7.4575,1,29000000,biotech,Yes,No,No,No,No,No,7,Yes,acquired
TX,32.9583632,-96.8215658,1/1/2007,,1.8055,1,3000000,,No,No,Yes,No,No,No,1,Yes,closed
CA,37.54827,-121.988572,1/1/2003,2.6986,4.0027,2,19700000,,Yes,No,No,Yes,No,No,4,Yes,closed
CA,37.354469,-121.990433,1/1/1998,9.1671,9.1973,2,17800000,software,Yes,No,No,No,No,No,1,Yes,closed
CA,37.779281,-122.419236,3/1/2010,0.011,2.0986,3,57500000,photo_video,No,Yes,Yes,Yes,No,No,4,Yes,acquired
NY,40.606061,-73.822331,1/1/2006,0.6658,3.0384,3,17200000,games_video,No,No,Yes,Yes,Yes,No,2.6667,Yes,acquired
MA,42.3751,-71.105616,8/1/2008,-0.5836,1.3425,7,457282,mobile,Yes,Yes,No,No,No,No,1,Yes,closed
CA,37.779281,-122.419236,9/9/2010,-0.0219,2.0329,4,18500000,mobile,No,Yes,Yes,Yes,No,No,2.25,Yes,acquired
NJ,40.349274,-74.659296,1/1/2008,2.0466,2.0466,1,12000000,cleantech,No,No,Yes,No,No,No,6,Yes,closed
CO,40.397761,-105.07498,1/1/2007,3.5123,3.9562,2,510000000,cleantech,Yes,No,No,No,No,No,2.5,Yes,closed
